Nodo,BC,CC,DC,DiBC,DiCC,DiDC
0,0.00036583792286580194,0.06548401226456417,0.006688963210702341,0.01505353415187089,0.05848982785602504,0.006688963210702341
1,0.006165884270404402,0.06812485759854181,0.010033444816053512,0.015053534151870891,0.06208471760797342,0.010033444816053512
2,0.03800899818982137,0.07290904657400633,0.013377926421404682,0.028151150473881736,0.06427343078245916,0.013377926421404682
3,0.0071650690713869454,0.06989247311827956,0.010033444816053512,0.015053534151870891,0.055288461538461536,0.010033444816053512
4,0.04344834095084247,0.07617834394904459,0.013377926421404682,0.054809527599139526,0.06823368324965769,0.013377926421404682
5,0.10036218487923619,0.0815825375170532,0.013377926421404682,0.05909209677843662,0.06846805587359743,0.013377926421404682
6,0.011952803016160878,0.07289127254997563,0.010033444816053512,0.04171191127712865,0.06427343078245916,0.010033444816053512
7,0.02146688471973622,0.0778240499739719,0.010033444816053512,0.041711911277128644,0.06042845594179466,0.010033444816053512
8,0.014604053714420058,0.07560050568900127,0.010033444816053512,0.04161754377321928,0.06864095500459137,0.010033444816053512
9,0.09306910517985066,0.08092016238159676,0.013377926421404682,0.05171709455147022,0.0715311004784689,0.013377926421404682
10,0.010032468326344997,0.07666666666666666,0.010033444816053512,0.04161754377321928,0.06427343078245916,0.010033444816053512
11,0.07486191857537026,0.08214285714285714,0.013377926421404682,0.04590011295251637,0.06823368324965769,0.013377926421404682
12,0.032326139530525926,0.071944177093359,0.013377926421404682,0.02513855175074901,0.06208471760797342,0.013377926421404682
13,0.019615494987385303,0.06883057090239411,0.013377926421404682,0.02011820855926488,0.06268343815513627,0.013377926421404682
14,0.005735480698683853,0.06455094991364421,0.010033444816053512,0.012040935428738173,0.059161060546102096,0.010033444816053512
15,0.007477415112792583,0.06728172817281729,0.010033444816053512,0.012040935428738173,0.05588785046728972,0.010033444816053512
16,0.0036944702151051573,0.06281512605042017,0.010033444816053512,0.007684170950147028,0.05336426914153132,0.010033444816053512
17,0.012180725349513631,0.06686046511627906,0.013377926421404682,0.015761444080673728,0.059161060546102096,0.013377926421404682
18,0.004626149976055792,0.06434258661502044,0.010033444816053512,0.007684170950147022,0.05966872879664738,0.010033444816053512
19,0.00025758890115610156,0.060587639311043565,0.006688963210702341,0.00768417095014702,0.05634068211795742,0.006688963210702341
20,0.01408350436810746,0.06769300430156215,0.013377926421404682,0.023691731136288995,0.05966872879664738,0.013377926421404682
21,0.030769586170834376,0.07192687033918692,0.013377926421404682,0.03070561118651253,0.06321353065539112,0.013377926421404682
22,0.016107124049396883,0.06905311778290993,0.010033444816053512,0.015614458005762374,0.06409431939978563,0.010033444816053512
23,0.007337590443302158,0.06514161220043573,0.010033444816053512,0.015614458005762397,0.06027010683329974,0.010033444816053512
24,0.024441887184138186,0.07237956911159525,0.013377926421404682,0.03612428083539842,0.06268343815513627,0.013377926421404682
25,0.0765224449014027,0.07724102299147508,0.013377926421404682,0.04622383161364936,0.06864095500459137,0.013377926421404682
26,0.045729490958864326,0.07366346390736635,0.013377926421404682,0.03811781769413782,0.06695029108822212,0.013377926421404682
27,0.01754858099181872,0.06922898819171104,0.013377926421404682,0.031103937643914358,0.06321353065539112,0.013377926421404682
28,0.02293239616545604,0.07583058584833882,0.010033444816053512,0.026153453786326983,0.06695029108822212,0.010033444816053512
29,0.01358510407637748,0.07583058584833882,0.010033444816053512,0.026153453786326986,0.0627887442251155,0.010033444816053512
30,0.019101158851097866,0.07237956911159525,0.013377926421404682,0.023435805689845792,0.06526959179218511,0.013377926421404682
31,0.030022868701039287,0.07237956911159525,0.013377926421404682,0.018047439866815448,0.062278691939179336,0.013377926421404682
32,0.036376739483651395,0.07095396298054106,0.013377926421404682,0.043167217035191656,0.06409431939978563,0.013377926421404682
33,0.0317226426753232,0.07103825136612021,0.013377926421404682,0.04855558285822182,0.062278691939179336,0.013377926421404682
34,0.04359602131719956,0.06824925816023739,0.013377926421404682,0.039423518833669506,0.06305356389708984,0.013377926421404682
35,0.034837956428851784,0.06817145462836298,0.013377926421404682,0.02807606385444141,0.05963302752293578,0.013377926421404682
36,0.012701470569451215,0.06413556413556414,0.010033444816053512,0.009617335295771244,0.05114608279165241,0.010033444816053512
37,0.02409255747834255,0.06420442344857204,0.013377926421404682,0.020964790274999485,0.05963302752293578,0.013377926421404682
38,0.008085968554498441,0.06080943664836282,0.010033444816053512,0.009617335295771245,0.056909021697754095,0.010033444816053512
39,0.0020859739577072647,0.06074766355140187,0.006688963210702341,0.009617335295771245,0.05387387387387387,0.006688963210702341
40,0.007575600951546943,0.0609085353432471,0.010033444816053512,0.019790961671932485,0.056909021697754095,0.010033444816053512
41,0.009163302267610762,0.06182795698924731,0.010033444816053512,0.019790961671932485,0.05387387387387387,0.010033444816053512
42,0.011235279430232899,0.058673469387755105,0.013377926421404682,0.01414690843321094,0.05500367917586461,0.013377926421404682
43,0.01111874599262073,0.057844844263880826,0.013377926421404682,0.008443506692704241,0.05227272727272727,0.013377926421404682
44,0.005791935953303994,0.05491276400367309,0.010033444816053512,0.006986375165540616,0.04544072948328268,0.010033444816053512
45,0.008317648629564236,0.05565897244973939,0.013377926421404682,0.012689776906047322,0.05227272727272727,0.013377926421404682
46,0.0021076884045889885,0.05282685512367491,0.010033444816053512,0.006986375165540616,0.04993319973279893,0.010033444816053512
47,0.0002951207648902498,0.05215419501133787,0.006688963210702341,0.006986375165540616,0.04758115849777212,0.006688963210702341
48,0.0364900890751787,0.06557017543859649,0.013377926421404682,0.07276016464811329,0.05500367917586461,0.013377926421404682
49,0.03760441745174999,0.06814038286235187,0.013377926421404682,0.024311001314899897,0.06326703343207787,0.013377926421404682
50,0.02735389760488749,0.06432874354561102,0.013377926421404682,0.045420380580649816,0.059728326008789454,0.013377926421404682
51,0.025426145955964825,0.06203319502074689,0.013377926421404682,0.0671161114093915,0.056952380952380956,0.013377926421404682
52,0.014975919309519328,0.058673469387755105,0.013377926421404682,0.031976461433712675,0.04993319973279893,0.013377926421404682
53,0.0156795149922397,0.060722989439480096,0.013377926421404682,0.010280730604970858,0.056952380952380956,0.013377926421404682
54,0.0039496710368052395,0.057367613200306984,0.010033444816053512,0.026273059693205918,0.05406871609403255,0.010033444816053512
55,0.00402997089537619,0.05553491827637444,0.010033444816053512,0.02627305969320588,0.05132166151733608,0.010033444816053512
56,0.014411459911008818,0.06234361968306922,0.013377926421404682,0.006582833511083653,0.05812597200622084,0.013377926421404682
57,0.01132873313039677,0.06471861471861472,0.010033444816053512,0.00547955106068808,0.05951433121019108,0.010033444816053512
58,0.0014143523857382695,0.06092094539527303,0.006688963210702341,0.005479551060688057,0.056245297215951846,0.006688963210702341
59,0.003077816053296033,0.05881195908733281,0.010033444816053512,0.014204509541442638,0.055105049760412826,0.010033444816053512
60,0.04205368436870675,0.07018779342723004,0.013377926421404682,0.015219490822114237,0.06460674157303371,0.013377926421404682
61,0.04933288014047868,0.07321253672869736,0.010033444816053512,0.020989056886516266,0.0662677304964539,0.010033444816053512
62,0.025496656877785448,0.06883057090239411,0.010033444816053512,0.020989056886516273,0.062239800166527894,0.010033444816053512
63,0.027523928270902852,0.0661504424778761,0.013377926421404682,0.02983274760283025,0.06089613034623218,0.013377926421404682
64,0.036758004822626776,0.07229206963249517,0.013377926421404682,0.11313137796712781,0.06305356389708984,0.013377926421404682
65,0.036607388172336656,0.07542885973763874,0.013377926421404682,0.10452530513665055,0.06637069922308546,0.013377926421404682
66,0.05077451429456513,0.07229206963249517,0.013377926421404682,0.05555015060936219,0.06588805641251652,0.013377926421404682
67,0.050676274998088695,0.06940575673166202,0.013377926421404682,0.10399931394257551,0.06326703343207787,0.013377926421404682
68,0.03340914611109593,0.07794577685088634,0.010033444816053512,0.07970124053904439,0.06230464680141696,0.010033444816053512
69,0.064345055046584,0.08169398907103825,0.010033444816053512,0.07568755244217087,0.05873109408760558,0.010033444816053512
70,0.1071051641421116,0.07802713987473904,0.013377926421404682,0.06381410626886735,0.0687672493100276,0.013377926421404682
71,0.06225682136849084,0.07460079840319361,0.013377926421404682,0.045592861554666214,0.06719101123595506,0.013377926421404682
72,0.032111206119759234,0.07718120805369127,0.013377926421404682,0.0570044554257591,0.06526959179218511,0.013377926421404682
73,0.037601910317666916,0.08076715289032955,0.010033444816053512,0.045680734498800654,0.07273169545122841,0.010033444816053512
74,0.022722684947964925,0.07686375321336761,0.010033444816053512,0.04568073449880066,0.06784660766961652,0.010033444816053512
75,0.025933950636719747,0.07360905957656327,0.013377926421404682,0.05428680732927795,0.06637069922308546,0.013377926421404682
76,0.027218228308046526,0.08223322332233224,0.010033444816053512,0.07228180947541896,0.06784660766961652,0.010033444816053512
77,0.06998014063914658,0.08631639722863742,0.013377926421404682,0.07898757922827497,0.07246728065923412,0.013377926421404682
78,0.06843112909947947,0.08479863868406126,0.013377926421404682,0.060958088548460396,0.07337423312883436,0.013377926421404682
79,0.024966778221728943,0.08085451595457004,0.010033444816053512,0.07228180947541896,0.07273169545122841,0.010033444816053512
80,0.030869216904172114,0.08344962322076473,0.013377926421404682,0.050178925041947216,0.0715311004784689,0.013377926421404682
81,0.040536567720641535,0.08765757842274993,0.013377926421404682,0.06839456437201191,0.07613954672778202,0.013377926421404682
82,0.05231216978548497,0.086266589728794,0.013377926421404682,0.0627016763937569,0.0727670966171818,0.013377926421404682
83,0.05245842496064268,0.08218801539307312,0.013377926421404682,0.0559959066409009,0.07246728065923412,0.013377926421404682
84,0.0098249524873828,0.08475056689342404,0.010033444816053512,0.02217843434651139,0.07610078900483584,0.013377926421404682
85,0.029844578275524974,0.08909415971394517,0.013377926421404682,0.040394073676575826,0.07778355879292403,0.016722408026755852
86,0.0040999465992570365,0.08225584594222833,0.010033444816053512,0.02051490480145281,0.0730872647274505,0.013377926421404682
87,0.012860377834505873,0.08634132255269997,0.013377926421404682,0.018946698455331923,0.07171983689134084,0.016722408026755852
88,0.02860245585272005,0.07895431740163718,0.010033444816053512,0.0500426769029045,0.06846805587359743,0.010033444816053512
89,0.03715747366897343,0.08271092669432918,0.010033444816053512,0.050042676902904495,0.06412180999356637,0.010033444816053512
90,0.0912868583208015,0.08696916812100058,0.013377926421404682,0.06585465605809177,0.07190957190957191,0.013377926421404682
91,0.09118691876714081,0.08282548476454293,0.013377926421404682,0.06742286240421244,0.07175425965922726,0.013377926421404682
92,0.04632863641142099,0.08434414668547249,0.010033444816053512,0.0718262721618426,0.07190957190957191,0.010033444816053512
93,0.05756738455280882,0.08750365817968979,0.010033444816053512,0.0718262721618426,0.06713066906151774,0.010033444816053512
94,0.09883536151670293,0.09228395061728395,0.013377926421404682,0.08157752580114652,0.07501254390366283,0.013377926421404682
95,0.0944481442638134,0.08877672209026129,0.013377926421404682,0.0876382513170299,0.07531486146095717,0.013377926421404682
96,0.01159284315834233,0.08812260536398467,0.010033444816053512,0.022928377429398752,0.0748997995991984,0.010033444816053512
97,0.026010290971205458,0.09251237623762376,0.010033444816053512,0.016867651913515323,0.06982718355908454,0.010033444816053512
98,0.04599707630139099,0.09099208764455265,0.013377926421404682,0.04271222310558404,0.07994652406417112,0.013377926421404682
99,0.08431631311289389,0.09468017732742241,0.013377926421404682,0.06103932350389798,0.07714138286893704,0.013377926421404682
100,0.03162736965551979,0.08909415971394517,0.013377926421404682,0.03602772337088066,0.0727670966171818,0.013377926421404682
101,0.042516107578273156,0.0926270136307311,0.013377926421404682,0.054354823769194226,0.07994652406417112,0.013377926421404682
102,0.018217448788412943,0.09107523606457509,0.010033444816053512,0.03033483539262596,0.07912146070388992,0.010033444816053512
103,0.015526314179304588,0.08765757842274993,0.010033444816053512,0.03033483539262596,0.07337423312883436,0.010033444816053512
104,0.022088588470993133,0.09268443893366397,0.010033444816053512,0.09683110635109467,0.07912146070388992,0.010033444816053512
105,0.05061067322139808,0.09504132231404959,0.010033444816053512,0.09683110635109467,0.07337423312883436,0.010033444816053512
106,0.11396130949073958,0.09340830990315527,0.013377926421404682,0.049652273772884684,0.07488104182319058,0.013377926421404682
107,0.06220751887996883,0.09113075281926242,0.013377926421404682,0.07281111797452619,0.07678479712378017,0.013377926421404682
108,0.1051109073324432,0.08962829736211031,0.013377926421404682,0.09181138857700555,0.07337423312883436,0.013377926421404682
109,0.09423231784822363,0.09183046683046683,0.013377926421404682,0.06865254437536404,0.07678479712378017,0.013377926421404682
110,0.07797507336930841,0.09011452682338758,0.013377926421404682,0.07807884267733299,0.07660773763771458,0.013377926421404682
111,0.11137971535833613,0.08799293702177752,0.013377926421404682,0.0737818978971908,0.07522012578616352,0.013377926421404682
112,0.10865307075277769,0.08611751152073732,0.013377926421404682,0.08918408699558404,0.06870404411764706,0.013377926421404682
113,0.07194329810382129,0.08814858490566038,0.013377926421404682,0.09348103177572573,0.07522012578616352,0.013377926421404682
114,0.05761910042997689,0.08389450056116723,0.010033444816053512,0.07731064082228069,0.07408325074331021,0.010033444816053512
115,0.08313222588206888,0.08205268935236004,0.010033444816053512,0.07731064082228069,0.06902123730378577,0.010033444816053512
116,0.06503791132273855,0.08525805531793555,0.013377926421404682,0.07916543504156583,0.07408325074331021,0.013377926421404682
117,0.05097602421307567,0.0812720848056537,0.010033444816053512,0.06299504408812064,0.0665924276169265,0.010033444816053512
118,0.014920237800973552,0.08822661552080259,0.010033444816053512,0.02267497603068074,0.07660773763771458,0.010033444816053512
119,0.03689891589479439,0.08699447192318882,0.013377926421404682,0.03210127433264958,0.07139446036294174,0.013377926421404682
120,0.008984415961451246,0.08674209457499275,0.010033444816053512,0.02267497603068074,0.07120743034055728,0.010033444816053512
121,0.02112292686176198,0.08451102317693612,0.013377926421404682,0.025447507458012275,0.07065217391304347,0.013377926421404682
122,0.005818679712012026,0.08261950815142305,0.010033444816053512,0.005397773124647943,0.06603356890459364,0.010033444816053512
123,0.005922098835697392,0.0810957417954977,0.010033444816053512,0.008834025341488668,0.0706855791962175,0.010033444816053512
124,0.05841451574336625,0.0831248262440923,0.013377926421404682,0.0759479203837692,0.07303370786516854,0.013377926421404682
125,0.04806179012042468,0.07933138763597772,0.010033444816053512,0.06299504408812062,0.07129232236528374,0.010033444816053512
126,0.05343423947627876,0.08331011423794929,0.013377926421404682,0.06888104600389407,0.07129232236528374,0.013377926421404682
127,0.05179139765399191,0.08420163334272036,0.013377926421404682,0.0671355380491876,0.0732843137254902,0.013377926421404682
128,0.04446935923014674,0.0803115766854687,0.010033444816053512,0.055928169708245455,0.07139446036294174,0.010033444816053512
129,0.04614973736900383,0.07950013294336612,0.010033444816053512,0.055928169708245455,0.06668153434433541,0.010033444816053512
130,0.012881401214612754,0.08377696833847016,0.013377926421404682,0.025925504317684075,0.0706855791962175,0.013377926421404682
131,0.020754563878912714,0.08540417023707512,0.013377926421404682,0.018089701369537962,0.06635596981802042,0.013377926421404682
132,0.020145222375910862,0.08377696833847016,0.013377926421404682,0.027616248579818335,0.07184046131667468,0.013377926421404682
133,0.013419276266722265,0.08221061314270003,0.013377926421404682,0.029361756534524754,0.0732843137254902,0.013377926421404682
134,0.012020619502655427,0.08801884015307625,0.010033444816053512,0.01956516394800609,0.07065217391304347,0.010033444816053512
135,0.026127597163215676,0.08981676179032742,0.010033444816053512,0.01956516394800609,0.06603356890459364,0.010033444816053512
136,0.017808053989805575,0.08742690058479533,0.013377926421404682,0.014501892427191547,0.06838975297346753,0.013377926421404682
137,0.01644760966236668,0.08572247706422019,0.013377926421404682,0.022337695375337627,0.06635596981802042,0.013377926421404682
138,0.10246667936565311,0.09720416124837451,0.013377926421404682,0.10278702913660599,0.07488104182319058,0.013377926421404682
139,0.07790266835238098,0.09549664643883743,0.010033444816053512,0.0556081965583961,0.07208293153326904,0.010033444816053512
140,0.10740512647167237,0.09842001316655695,0.013377926421404682,0.10904694485416189,0.08151581243184297,0.013377926421404682
141,0.058229880282734674,0.09666989977368251,0.010033444816053512,0.055608196558396085,0.07762201453790239,0.010033444816053512
142,0.05473208637082364,0.09486040609137056,0.013377926421404682,0.05061456392066257,0.07710159876224858,0.013377926421404682
143,0.10580289943780237,0.09714100064977257,0.013377926421404682,0.09478623551104506,0.08151581243184297,0.013377926421404682
144,0.07036898716973926,0.0960179833012203,0.013377926421404682,0.06299564492463582,0.07714138286893704,0.013377926421404682
145,0.09761123228496109,0.09835526315789474,0.013377926421404682,0.10104615122860078,0.07792546260099036,0.013377926421404682
146,0.07790435712876521,0.08960143841774049,0.010033444816053512,0.09185135698850314,0.07501254390366283,0.010033444816053512
147,0.11184837041815637,0.09462025316455697,0.013377926421404682,0.10160261062780716,0.07714138286893704,0.013377926421404682
148,0.13740757172657808,0.09063352531070021,0.010033444816053512,0.09185135698850314,0.06982718355908454,0.010033444816053512
149,0.13955420823260709,0.09577194106342088,0.013377926421404682,0.11398369163178035,0.07482482482482483,0.013377926421404682
150,0.02209400233362001,0.0939070351758794,0.010033444816053512,0.020892207199473024,0.07170263788968825,0.010033444816053512
151,0.05956245292475538,0.0962962962962963,0.013377926421404682,0.0749664002048313,0.07742102537545313,0.013377926421404682
152,0.029509600665249415,0.09282831418814033,0.010033444816053512,0.03813725910311848,0.07746113989637306,0.010033444816053512
153,0.05878928313265739,0.0952532653711373,0.013377926421404682,0.09221145210847662,0.08098591549295775,0.013377926421404682
154,0.09822327203867613,0.09552715654952076,0.013377926421404682,0.11799778613397695,0.08314794215795328,0.013377926421404682
155,0.08943987403899013,0.09242658423493044,0.016722408026755852,0.0875983277065948,0.07746113989637306,0.016722408026755852
156,0.02491132126508823,0.08579626972740316,0.013377926421404682,0.036876624008225965,0.07184046131667468,0.013377926421404682
157,0.04788022517905378,0.08933373170002988,0.013377926421404682,0.06713141452636288,0.07658811475409837,0.013377926421404682
158,0.032913167272442034,0.08719743365412656,0.013377926421404682,0.04985861322328512,0.07469397951536348,0.013377926421404682
159,0.023183970460053233,0.08420163334272036,0.013377926421404682,0.04640317121850652,0.07476869217304326,0.013377926421404682
160,0.053215218875436704,0.08970897089708971,0.013377926421404682,0.0605426877859035,0.07469397951536348,0.013377926421404682
161,0.029411962733686365,0.087683284457478,0.013377926421404682,0.026441196218207428,0.07510675709620698,0.013377926421404682
162,0.027234702002704635,0.08567335243553009,0.013377926421404682,0.03588619515333555,0.0727670966171818,0.013377926421404682
163,0.032362350231835965,0.08755490483162519,0.013377926421404682,0.043269886482825745,0.07319461444308445,0.013377926421404682
164,0.049948877638370144,0.08429658866647871,0.013377926421404682,0.06376486561779841,0.07139446036294174,0.013377926421404682
165,0.05121959360360702,0.08587018954623779,0.013377926421404682,0.06722030762257704,0.07476869217304326,0.013377926421404682
166,0.04072899930044355,0.08182813355227149,0.010033444816053512,0.052557497276856144,0.07259043457149794,0.010033444816053512
167,0.04234715712870101,0.0803979564399032,0.010033444816053512,0.052557497276856144,0.06772366930917327,0.010033444816053512
168,0.05032914069813738,0.08621683967704728,0.013377926421404682,0.06369935263646964,0.07259043457149794,0.013377926421404682
169,0.05086371498154658,0.08443942389155605,0.013377926421404682,0.056315661306979396,0.07319461444308445,0.013377926421404682
170,0.03695103179747526,0.0805278750336655,0.010033444816053512,0.04903654229074878,0.07090348589044344,0.010033444816053512
171,0.038634500198578815,0.08214285714285714,0.010033444816053512,0.04903654229074876,0.06625304675382229,0.010033444816053512
172,0.06554405301756605,0.08368317940106353,0.013377926421404682,0.09105907223794595,0.07090348589044344,0.013377926421404682
173,0.12411923007097311,0.08185053380782918,0.013377926421404682,0.08869825979598897,0.07360905957656327,0.013377926421404682
174,0.042158499468257817,0.07816993464052288,0.010033444816053512,0.08377995322171512,0.07108892058963386,0.010033444816053512
175,0.03742876964140198,0.07983978638184246,0.010033444816053512,0.08377995322171512,0.06641492669924479,0.010033444816053512
176,0.04318498376372025,0.08696916812100058,0.013377926421404682,0.05505555139345627,0.0727670966171818,0.013377926421404682
177,0.060118561614992405,0.08499147242751563,0.010033444816053512,0.06213973788662765,0.07631444614599285,0.010033444816053512
178,0.07083660185890411,0.08310172317954419,0.010033444816053512,0.062139737886627654,0.07095396298054106,0.010033444816053512
179,0.041729106905510766,0.08499147242751563,0.013377926421404682,0.06450055032858437,0.07360905957656327,0.013377926421404682
180,0.07470820004477557,0.09468017732742241,0.013377926421404682,0.12126503949860733,0.08191780821917809,0.013377926421404682
181,0.05403253534379411,0.09234095120444719,0.013377926421404682,0.07729202516188224,0.08009643718189124,0.013377926421404682
182,0.08178511347351385,0.08944062219563266,0.013377926421404682,0.10633058521796745,0.07641196013289037,0.013377926421404682
183,0.0759782620588729,0.09163346613545817,0.013377926421404682,0.09924639872479621,0.07631444614599285,0.013377926421404682
184,0.10959316712439535,0.09291485394655065,0.013377926421404682,0.10962270148876502,0.07639243740419009,0.013377926421404682
185,0.13834369167855035,0.09066100667070952,0.013377926421404682,0.10264675262486748,0.07529589524049358,0.013377926421404682
186,0.06803430913583028,0.09208500153988297,0.013377926421404682,0.06337011336367662,0.07196149217809868,0.013377926421404682
187,0.07671591074178691,0.09441111461951374,0.013377926421404682,0.10734312770040169,0.08009643718189124,0.013377926421404682
188,0.10711484378752721,0.08465458663646659,0.013377926421404682,0.0790094498439991,0.07199614736335179,0.013377926421404682
189,0.006368468875010592,0.08176100628930817,0.010033444816053512,0.008583795350646824,0.06921296296296296,0.010033444816053512
190,0.0339473923767357,0.08205268935236004,0.010033444816053512,0.06877137063889326,0.06518421626335295,0.010033444816053512
191,0.03910997935384152,0.08363636363636363,0.010033444816053512,0.06877137063889326,0.0612579389469371,0.010033444816053512
192,0.00884655085997094,0.08611751152073732,0.010033444816053512,0.03973281058280802,0.07641196013289037,0.010033444816053512
193,0.020448346150756205,0.0858948577994829,0.010033444816053512,0.039732810582808024,0.07103825136612021,0.010033444816053512
194,0.06402521938263353,0.09205665024630542,0.010033444816053512,0.060333203417533746,0.071072022819111,0.010033444816053512
195,0.07259232036461265,0.09346670834635824,0.010033444816053512,0.10483164826613908,0.07088667614983404,0.010033444816053512
196,0.1355305391663751,0.08944062219563266,0.010033444816053512,0.11465672252074337,0.07581135902636917,0.010033444816053512
197,0.1370603802900895,0.08735027753432661,0.010033444816053512,0.11465672252074337,0.0705188679245283,0.010033444816053512
198,0.02311281341684024,0.08856635071090048,0.013377926421404682,0.09969989401708107,0.06934137291280149,0.013377926421404682
199,0.0533752668465187,0.08707047175305765,0.010033444816053512,0.053357254553636234,0.0658300308234258,0.010033444816053512
200,0.04631290827230378,0.0853310502283105,0.010033444816053512,0.0970477387606072,0.05758859784283513,0.010033444816053512
201,0.022281529846851122,0.09071601941747573,0.013377926421404682,0.1036926161087235,0.07274939172749392,0.013377926421404682
202,0.10801956328387312,0.07724102299147508,0.010033444816053512,0.079329495035652,0.07108892058963386,0.010033444816053512
203,0.09647329317086578,0.07315879618301933,0.010033444816053512,0.079329495035652,0.06641492669924479,0.010033444816053512
204,0.04385415372216808,0.0702042733035924,0.010033444816053512,0.07441118846137815,0.06435643564356436,0.010033444816053512
205,0.04363978060312641,0.07395498392282958,0.010033444816053512,0.07441118846137815,0.060501821125050585,0.010033444816053512
206,0.08674236923498575,0.06959962756052142,0.010033444816053512,0.07009663082759081,0.06435643564356436,0.010033444816053512
207,0.07831422491383809,0.06644444444444444,0.010033444816053512,0.07009663082759082,0.060501821125050585,0.010033444816053512
208,0.04148600839926298,0.06399828767123288,0.010033444816053512,0.06517832425331696,0.05891625615763547,0.010033444816053512
209,0.04304437812832018,0.06692032229185318,0.010033444816053512,0.06517832425331696,0.05566933531930739,0.010033444816053512
210,0.07088530707431176,0.06361702127659574,0.010033444816053512,0.06140247506602916,0.05891625615763547,0.010033444816053512
211,0.064292018874107,0.061070261437908495,0.010033444816053512,0.06140247506602916,0.05566933531930739,0.010033444816053512
212,0.03662153766220831,0.05899763220205209,0.010033444816053512,0.056484168491755284,0.05459192988862516,0.010033444816053512
213,0.039313677177939856,0.061371100164203614,0.010033444816053512,0.056484168491755284,0.05179282868525897,0.010033444816053512
214,0.058440846419421044,0.05876572327044025,0.010033444816053512,0.05284299641609242,0.05459192988862516,0.010033444816053512
215,0.053281985350147436,0.05667172100075815,0.010033444816053512,0.05284299641609244,0.05179282868525897,0.010033444816053512
216,0.02989893384530779,0.054882525697503674,0.010033444816053512,0.04792468984181852,0.05091094840796867,0.010033444816053512
217,0.0334711339694212,0.05684410646387833,0.010033444816053512,0.04792468984181852,0.04846814718755066,0.010033444816053512
218,0.048800040859618005,0.05476190476190476,0.010033444816053512,0.044418194877780565,0.05091094840796867,0.010033444816053512
219,0.04502031000652598,0.05301418439716312,0.010033444816053512,0.04441819487778056,0.04846814718755066,0.010033444816053512
220,0.021522559854725513,0.051445285615966965,0.010033444816053512,0.03949988830350663,0.047725458898643255,0.010033444816053512
221,0.025918537754770665,0.05308948863636364,0.010033444816053512,0.03949988830350663,0.0455723212924859,0.010033444816053512
222,0.016688419072686797,0.04993319973279893,0.010033444816053512,0.03153897459412487,0.04339622641509434,0.010033444816053512
223,0.042080155082375455,0.05140990371389271,0.010033444816053512,0.036457281168398775,0.047725458898643255,0.010033444816053512
224,0.04085049150478534,0.05011733154542407,0.010033444816053512,0.036457281168398775,0.0455723212924859,0.010033444816053512
225,0.011709113565083668,0.048712935809710006,0.010033444816053512,0.03153897459412487,0.045344252350621776,0.010033444816053512
226,0.0068237564046036885,0.04793971460638127,0.010033444816053512,0.02610138621227037,0.042273434186342426,0.010033444816053512
227,0.043377405018318396,0.049315520369454066,0.013377926421404682,0.031019692786544248,0.045344252350621776,0.013377926421404682
228,0.007685285353369635,0.048327137546468404,0.010033444816053512,0.02610138621227037,0.0461348557321401,0.010033444816053512
229,0.0004929518140775857,0.046975648075412414,0.006688963210702341,0.02610138621227037,0.044119817028183565,0.006688963210702341
230,0.029816000702257265,0.04878446728666993,0.010033444816053512,0.029701914659603618,0.044119817028183565,0.010033444816053512
231,0.016046374273226537,0.048617886178861786,0.010033444816053512,0.02478360808532971,0.046,0.010033444816053512
232,0.01180469549863256,0.04827252179528576,0.010033444816053512,0.02478360808532971,0.04399646851088876,0.010033444816053512
233,0.03411704969782321,0.0488562091503268,0.010033444816053512,0.029701914659603607,0.0461348557321401,0.010033444816053512
234,0.027832603091393092,0.049113009198423124,0.010033444816053512,0.03175199958100455,0.046,0.010033444816053512
235,0.027654332933053114,0.05001672800267648,0.010033444816053512,0.031751999581004546,0.04399646851088876,0.010033444816053512
236,0.02813866047475455,0.05141874462596733,0.010033444816053512,0.039570540343811425,0.0476569971310169,0.010033444816053512
237,0.028109836465527293,0.053070642527511536,0.010033444816053512,0.039570540343811425,0.04550989345509893,0.010033444816053512
238,0.021545037970564933,0.04953611663353214,0.010033444816053512,0.02683369300673065,0.04550989345509893,0.010033444816053512
239,0.028744612562146495,0.05094564661782246,0.010033444816053512,0.02683369300673065,0.0476569971310169,0.010033444816053512
240,0.03749005162246679,0.052603800140745956,0.010033444816053512,0.03465223376953754,0.04821025475653015,0.010033444816053512
241,0.048671511824288034,0.05458196422051844,0.010033444816053512,0.03465223376953754,0.050626481544192345,0.010033444816053512
242,0.06456706551430107,0.056865728413845566,0.010033444816053512,0.05936660606196643,0.051445285615966965,0.010033444816053512
243,0.026903419563339415,0.05504418262150221,0.010033444816053512,0.06428491263624034,0.050635055038103303,0.010033444816053512
244,0.030841256005111842,0.05549368968077208,0.010033444816053512,0.06428491263624034,0.0482258064516129,0.010033444816053512
245,0.018442518032491178,0.0518018018018018,0.010033444816053512,0.020583151893335726,0.04542692190823458,0.010033444816053512
246,0.024210874578758593,0.05316500711237553,0.010033444816053512,0.020583151893335726,0.04756601972637607,0.010033444816053512
247,0.00913110922617774,0.051304049416609473,0.010033444816053512,0.030821231098441496,0.04649354688228891,0.010033444816053512
248,0.012821221174285594,0.05345012513407222,0.010033444816053512,0.030821231098441496,0.04444774788167088,0.010033444816053512
249,0.017482936953775056,0.051765927977839334,0.010033444816053512,0.017171331732172116,0.04444774788167088,0.010033444816053512
250,0.01635310746383306,0.05091094840796867,0.010033444816053512,0.017171331732172116,0.04649354688228891,0.010033444816053512
251,0.012411501381845292,0.05232761638081904,0.010033444816053512,0.027409410937277875,0.04827252179528576,0.010033444816053512
252,0.009036213593459397,0.051023890784982935,0.010033444816053512,0.027409410937277875,0.046070878274268104,0.010033444816053512
253,0.023037211498711446,0.05499356262644841,0.010033444816053512,0.022139420738778778,0.046070878274268104,0.010033444816053512
254,0.02015234966720231,0.05325970787317421,0.010033444816053512,0.022139420738778778,0.04827252179528576,0.010033444816053512
255,0.02276901276270289,0.05576277508392391,0.010033444816053512,0.03237749994388453,0.05125128556736373,0.010033444816053512
256,0.01738490746761117,0.053971119133574004,0.010033444816053512,0.03237749994388453,0.048776508972267534,0.010033444816053512
257,0.02842289373644413,0.058962729244724905,0.010033444816053512,0.030205083312757668,0.048776508972267534,0.010033444816053512
258,0.02581718711987017,0.056887366818873665,0.010033444816053512,0.03020508331275767,0.05125128556736373,0.010033444816053512
259,0.03473554407069698,0.05987184621545855,0.010033444816053512,0.04044316251786343,0.0546617915904936,0.010033444816053512
260,0.028528577340362616,0.05772200772200772,0.010033444816053512,0.040443162517863424,0.05185570586194936,0.010033444816053512
261,0.03279434932794463,0.0637662614629985,0.010033444816053512,0.03852513598647243,0.05185570586194936,0.010033444816053512
262,0.030778986761173074,0.06124539123310119,0.010033444816053512,0.03852513598647243,0.0546617915904936,0.010033444816053512
263,0.04888842800329255,0.06485900216919739,0.010033444816053512,0.04876321519157821,0.058627450980392154,0.010033444816053512
264,0.041480827852901615,0.062239800166527894,0.010033444816053512,0.048763215191578196,0.05541141586360267,0.010033444816053512
265,0.03434799322797115,0.06656277827248441,0.010033444816053512,0.04715195319222166,0.058627450980392154,0.010033444816053512
266,0.05714196959770716,0.06776971894832276,0.010033444816053512,0.05739003239732747,0.05974025974025974,0.010033444816053512
267,0.035263030640601684,0.06968072710323933,0.010033444816053512,0.04715195319222166,0.05541141586360267,0.010033444816053512
268,0.06654519964276472,0.07102137767220902,0.010033444816053512,0.05739003239732749,0.06349543427479296,0.010033444816053512
269,0.07772784804911924,0.07467532467532467,0.010033444816053512,0.06920046688065372,0.06504241896889276,0.010033444816053512
270,0.09278578391606353,0.07920529801324504,0.010033444816053512,0.06920046688065372,0.06951871657754011,0.010033444816053512
271,0.03526592529776994,0.07317670093000489,0.010033444816053512,0.05896238767554788,0.06349543427479296,0.010033444816053512
272,0.03388860766468096,0.0772011360702298,0.010033444816053512,0.058962387675547866,0.05974025974025974,0.010033444816053512
273,0.05473759988100048,0.08094206821873308,0.010033444816053512,0.10340000919224734,0.0610079575596817,0.010033444816053512
274,0.13675004173331406,0.08261950815142305,0.010033444816053512,0.08824362341286761,0.07023725628376791,0.010033444816053512
275,0.1248897456289012,0.07843651626442812,0.010033444816053512,0.08824362341286761,0.06567098616296947,0.010033444816053512
276,0.05561925739941284,0.07682425488180884,0.010033444816053512,0.10340000919224734,0.06492942453854506,0.010033444816053512
277,0.04602489742372773,0.07303370786516854,0.006688963210702341,0.09004452895611346,0.042781513807411645,0.006688963210702341
278,0.10971474493868374,0.07458219007233724,0.006688963210702341,0.07488814317673374,0.06181517469505892,0.006688963210702341
279,0.04171003692873737,0.0697294776119403,0.006688963210702341,0.09004452895611346,0.04459358687546607,0.006688963210702341
280,0.10549043989503387,0.07122439256788947,0.006688963210702341,0.07488814317673374,0.05838703378246436,0.006688963210702341
281,0.10144819759097194,0.06828042932176295,0.006688963210702341,0.07488814317673374,0.05531914893617021,0.006688963210702341
282,0.037578473717301365,0.06683057666517657,0.006688963210702341,0.09004452895611346,0.046565955458651304,0.006688963210702341
283,0.033629989901515944,0.06427343078245916,0.006688963210702341,0.09004452895611346,0.04872087339090761,0.006688963210702341
284,0.09758773558585943,0.0656854130052724,0.006688963210702341,0.07488814317673374,0.052557567235014944,0.006688963210702341
285,0.03469634426460534,0.06200746578183326,0.010033444816053512,0.09347879530254789,0.051084913719460105,0.010033444816053512
286,0.09818869121931094,0.06338774644901421,0.010033444816053512,0.07832240952316817,0.05691985532076908,0.010033444816053512
287,0.0940071210986891,0.06119525173966435,0.010033444816053512,0.07832240952316817,0.053883582627500454,0.010033444816053512
288,0.030366124483444314,0.05984787830264211,0.010033444816053512,0.09347879530254789,0.053806010437286306,0.010033444816053512
289,0.015732494097076104,0.05556587994796506,0.010033444816053512,0.028734484074431552,0.04261080233718113,0.010033444816053512
290,0.02187945536525902,0.05776661514683153,0.010033444816053512,0.06317644518695001,0.04551682143400822,0.010033444816053512
291,0.021406662207362245,0.05746684605035556,0.013377926421404682,0.051848977790034105,0.047325102880658436,0.013377926421404682
292,0.08699514297343239,0.05918448139350752,0.010033444816053512,0.05936660606196641,0.05419612108029726,0.010033444816053512
293,0.08823699203999066,0.09651387992253066,0.013377926421404682,0.07878601920402317,0.0803115766854687,0.013377926421404682
294,0.04896170504683489,0.09429202144433932,0.013377926421404682,0.01964174819441817,0.07461941602196157,0.013377926421404682
295,0.012914275744334331,0.09234095120444719,0.010033444816053512,0.02128526443889737,0.07445219123505976,0.010033444816053512
296,0.029594128850405892,0.0917459343356858,0.013377926421404682,0.03970789455834339,0.07988244723483837,0.013377926421404682
297,0.0022923671952175674,0.08487084870848709,0.006688963210702341,0.009453104040206453,0.0670704351727232,0.006688963210702341
298,0.009014874384784578,0.09022329511164756,0.006688963210702341,0.009874134067302457,0.07196149217809868,0.006688963210702341
299,0.027783217671347372,0.07945787935158119,0.010033444816053512,0.05713489409141583,0.05646836638338055,0.010033444816053512
