Nodo,conecciones,Betweenness_nx,Betweenness_streets,Closeness_streets,Degree_streets
0,"(0, 3)",0.02431,0.02259,0.02025,0.00249
1,"(3, 300)",0.02197,0.0197,0.01986,0.00166
2,"(300, 301)",0.02197,0.0197,0.01948,0.00166
3,"(301, 302)",0.02197,0.0197,0.01911,0.00166
4,"(302, 303)",0.02197,0.0197,0.01876,0.00166
5,"(303, 304)",0.02197,0.0197,0.01842,0.00166
6,"(304, 6)",0.02197,0.0197,0.01809,0.00166
7,"(6, 7)",0.06509,0.06042,0.02326,0.00332
8,"(7, 406)",0.05504,0.05034,0.02274,0.00166
9,"(406, 407)",0.05504,0.05034,0.02225,0.00166
10,"(407, 408)",0.05504,0.05034,0.02178,0.00166
11,"(408, 409)",0.05504,0.05034,0.02132,0.00166
12,"(409, 410)",0.05504,0.05034,0.02089,0.00166
13,"(420, 419)",0.06964,0.06347,0.0245,0.00166
14,"(419, 418)",0.06964,0.06347,0.02393,0.00166
15,"(418, 417)",0.06964,0.06347,0.02339,0.00166
16,"(417, 416)",0.06964,0.06347,0.02286,0.00166
17,"(416, 5)",0.06964,0.06347,0.02237,0.00249
18,"(5, 4)",0.03968,0.03666,0.02394,0.00332
19,"(4, 305)",0.02775,0.02516,0.02376,0.00249
20,"(305, 306)",0.02775,0.02516,0.02322,0.00166
21,"(306, 307)",0.02775,0.02516,0.0227,0.00166
22,"(307, 308)",0.02775,0.02516,0.0222,0.00166
23,"(308, 309)",0.02775,0.02516,0.02173,0.00166
24,"(309, 2)",0.02775,0.02516,0.02127,0.00249
25,"(2, 1)",0.01085,0.01032,0.02103,0.00249
26,"(3, 2)",0.00235,0.00207,0.01985,0.00249
27,"(2, 320)",0.01924,0.0169,0.02104,0.00249
28,"(320, 321)",0.01924,0.0169,0.02062,0.00166
29,"(321, 322)",0.01924,0.0169,0.02021,0.00166
30,"(322, 323)",0.01924,0.0169,0.01982,0.00166
31,"(323, 324)",0.01924,0.0169,0.01944,0.00166
32,"(335, 334)",0.01346,0.01144,0.01783,0.00166
33,"(334, 333)",0.01346,0.01144,0.01752,0.00166
34,"(333, 332)",0.01346,0.01144,0.01723,0.00166
35,"(332, 331)",0.01346,0.01144,0.01694,0.00166
36,"(331, 1)",0.01346,0.01144,0.01667,0.00166
37,"(1, 0)",0.02431,0.02259,0.02067,0.00249
38,"(7, 5)",0.01005,0.00925,0.02273,0.00249
39,"(5, 310)",0.04001,0.03606,0.02395,0.00249
40,"(310, 311)",0.04001,0.03606,0.0234,0.00166
41,"(311, 312)",0.04001,0.03606,0.02287,0.00166
42,"(312, 313)",0.04001,0.03606,0.02236,0.00166
43,"(313, 314)",0.04001,0.03606,0.02188,0.00166
44,"(314, 11)",0.04001,0.03606,0.02142,0.00249
45,"(10, 315)",0.03119,0.02839,0.02338,0.00166
46,"(315, 316)",0.03119,0.02839,0.02286,0.00166
47,"(316, 317)",0.03119,0.02839,0.02235,0.00166
48,"(317, 318)",0.03119,0.02839,0.02187,0.00166
49,"(318, 319)",0.03119,0.02839,0.02141,0.00166
50,"(319, 4)",0.03119,0.02839,0.02097,0.00249
51,"(4, 6)",0.04312,0.03989,0.02376,0.00249
52,"(324, 325)",0.01924,0.0169,0.01908,0.00166
53,"(325, 326)",0.01924,0.0169,0.01873,0.00166
54,"(326, 327)",0.01924,0.0169,0.0184,0.00166
55,"(327, 328)",0.01924,0.0169,0.01807,0.00166
56,"(328, 329)",0.01924,0.0169,0.01776,0.00166
57,"(329, 330)",0.01924,0.0169,0.01746,0.00166
58,"(330, 12)",0.01924,0.0169,0.01716,0.00249
59,"(12, 13)",0.00399,0.00359,0.0203,0.00332
60,"(13, 342)",0.01053,0.00975,0.02112,0.00249
61,"(342, 343)",0.01053,0.00975,0.02069,0.00166
62,"(343, 344)",0.01053,0.00975,0.02028,0.00166
63,"(344, 17)",0.01053,0.00975,0.01988,0.00249
64,"(17, 18)",0.00151,0.00142,0.02026,0.00249
65,"(19, 16)",0.01339,0.0132,0.02015,0.00249
66,"(16, 345)",0.00437,0.00372,0.01976,0.00166
67,"(345, 346)",0.00437,0.00372,0.01938,0.00166
68,"(346, 347)",0.00437,0.00372,0.01902,0.00166
69,"(347, 14)",0.00437,0.00372,0.01866,0.00166
70,"(14, 15)",0.0249,0.0235,0.02071,0.00332
71,"(15, 341)",0.01346,0.01144,0.0203,0.00166
72,"(341, 340)",0.01346,0.01144,0.0199,0.00166
73,"(340, 339)",0.01346,0.01144,0.01953,0.00166
74,"(339, 338)",0.01346,0.01144,0.01916,0.00166
75,"(338, 337)",0.01346,0.01144,0.01881,0.00166
76,"(337, 336)",0.01346,0.01144,0.01847,0.00166
77,"(336, 335)",0.01346,0.01144,0.01814,0.00166
78,"(15, 12)",0.01144,0.01123,0.02029,0.00249
79,"(12, 367)",0.02668,0.02454,0.02031,0.00249
80,"(367, 366)",0.02668,0.02454,0.01991,0.00166
81,"(366, 365)",0.02668,0.02454,0.01952,0.00166
82,"(365, 364)",0.02668,0.02454,0.01916,0.00166
83,"(364, 363)",0.02668,0.02454,0.0188,0.00166
84,"(363, 24)",0.02668,0.02454,0.01846,0.00249
85,"(24, 25)",0.02916,0.02857,0.02332,0.00332
86,"(25, 382)",0.04971,0.04705,0.02377,0.00249
87,"(382, 383)",0.04971,0.04705,0.02323,0.00166
88,"(386, 385)",0.03317,0.03146,0.02446,0.00166
89,"(385, 26)",0.03317,0.03146,0.02388,0.00249
90,"(26, 27)",0.04477,0.04284,0.02428,0.00332
91,"(27, 362)",0.02707,0.02511,0.02378,0.00249
92,"(362, 361)",0.02707,0.02511,0.02323,0.00166
93,"(361, 360)",0.02707,0.02511,0.02271,0.00166
94,"(360, 359)",0.02707,0.02511,0.02221,0.00166
95,"(359, 358)",0.02707,0.02511,0.02174,0.00166
96,"(358, 13)",0.02707,0.02511,0.02128,0.00249
97,"(13, 14)",0.02053,0.01895,0.02112,0.00249
98,"(11, 9)",0.02006,0.01845,0.02098,0.00249
99,"(9, 374)",0.04282,0.04001,0.0228,0.00249
100,"(374, 375)",0.04282,0.04001,0.02231,0.00166
101,"(375, 376)",0.04282,0.04001,0.02183,0.00166
102,"(376, 377)",0.04282,0.04001,0.02138,0.00166
103,"(377, 25)",0.04282,0.04001,0.02094,0.00249
104,"(25, 26)",0.02227,0.02153,0.02377,0.00332
105,"(26, 373)",0.01067,0.01016,0.02428,0.00249
106,"(373, 372)",0.01067,0.01016,0.02371,0.00166
107,"(372, 371)",0.01067,0.01016,0.02317,0.00166
108,"(370, 369)",0.00618,0.00548,0.02214,0.00166
109,"(369, 368)",0.00618,0.00548,0.02166,0.00166
110,"(368, 27)",0.00618,0.00548,0.02121,0.00249
111,"(27, 24)",0.02388,0.02321,0.02377,0.00332
112,"(24, 378)",0.0214,0.01918,0.02333,0.00249
113,"(378, 379)",0.0214,0.01918,0.02281,0.00166
114,"(379, 380)",0.0214,0.01918,0.02231,0.00166
115,"(380, 381)",0.0214,0.01918,0.02184,0.00166
116,"(381, 8)",0.0214,0.01918,0.02138,0.00166
117,"(8, 10)",0.03119,0.02839,0.02393,0.00249
118,"(16, 17)",0.00902,0.00865,0.01976,0.00249
119,"(17, 348)",0.01805,0.01699,0.02026,0.00249
120,"(348, 349)",0.01805,0.01699,0.01986,0.00166
121,"(349, 350)",0.01805,0.01699,0.01948,0.00166
122,"(350, 351)",0.01805,0.01699,0.01912,0.00166
123,"(351, 352)",0.01805,0.01699,0.01876,0.00166
124,"(352, 20)",0.01805,0.01699,0.01842,0.00249
125,"(355, 354)",0.01188,0.01096,0.02157,0.00166
126,"(354, 353)",0.01188,0.01096,0.02112,0.00166
127,"(353, 18)",0.01188,0.01096,0.02069,0.00166
128,"(18, 19)",0.01339,0.0132,0.02057,0.00249
129,"(356, 355)",0.01188,0.01096,0.02203,0.00166
130,"(357, 356)",0.01188,0.01096,0.02252,0.00166
131,"(23, 357)",0.01188,0.01096,0.02304,0.00166
132,"(371, 21)",0.01067,0.01016,0.02265,0.00249
133,"(21, 22)",0.00453,0.00431,0.0232,0.00249
134,"(23, 20)",0.01037,0.01063,0.02303,0.00249
135,"(20, 370)",0.00618,0.00548,0.02263,0.00249
136,"(20, 21)",0.02223,0.02213,0.02263,0.00332
137,"(21, 388)",0.02838,0.02798,0.0232,0.00249
138,"(388, 389)",0.02838,0.02798,0.02268,0.00166
139,"(389, 390)",0.02838,0.02798,0.02219,0.00166
140,"(390, 32)",0.02838,0.02798,0.02171,0.00249
141,"(32, 33)",0.02377,0.02389,0.02476,0.00332
142,"(33, 494)",0.04958,0.04802,0.02544,0.00249
143,"(494, 495)",0.04958,0.04802,0.02482,0.00166
144,"(495, 496)",0.04958,0.04802,0.02423,0.00166
145,"(488, 487)",0.05203,0.05111,0.02525,0.00166
146,"(487, 486)",0.05203,0.05111,0.02464,0.00166
147,"(486, 34)",0.05203,0.05111,0.02406,0.00249
148,"(34, 35)",0.05044,0.04993,0.02565,0.00332
149,"(35, 393)",0.01772,0.01728,0.02511,0.00249
150,"(393, 392)",0.01772,0.01728,0.0245,0.00166
151,"(392, 391)",0.01772,0.01728,0.02392,0.00166
152,"(391, 22)",0.01772,0.01728,0.02337,0.00166
153,"(22, 23)",0.02225,0.02241,0.02357,0.00332
154,"(11, 944)",0.01994,0.01678,0.02098,0.00166
155,"(944, 943)",0.01994,0.01678,0.02057,0.00166
156,"(943, 942)",0.01994,0.01678,0.02016,0.00166
157,"(942, 941)",0.01994,0.01678,0.01978,0.00166
158,"(941, 940)",0.01994,0.01678,0.01941,0.00166
159,"(940, 939)",0.01994,0.01678,0.01905,0.00166
160,"(958, 959)",0.03254,0.02994,0.02509,0.00166
161,"(959, 960)",0.03254,0.02994,0.0245,0.00166
162,"(960, 961)",0.03254,0.02994,0.02393,0.00166
163,"(961, 962)",0.03254,0.02994,0.02339,0.00166
164,"(962, 963)",0.03254,0.02994,0.02287,0.00166
165,"(963, 964)",0.03254,0.02994,0.02238,0.00166
166,"(964, 9)",0.03254,0.02994,0.0219,0.00249
167,"(9, 8)",0.00978,0.00838,0.0228,0.00249
168,"(383, 384)",0.04971,0.04705,0.02271,0.00166
169,"(384, 28)",0.04971,0.04705,0.02221,0.00166
170,"(28, 29)",0.08686,0.08408,0.02534,0.00332
171,"(29, 571)",0.06037,0.05772,0.02473,0.00166
172,"(571, 572)",0.06037,0.05772,0.02414,0.00166
173,"(572, 573)",0.06037,0.05772,0.02358,0.00166
174,"(573, 574)",0.06037,0.05772,0.02305,0.00166
175,"(574, 575)",0.06037,0.05772,0.02254,0.00166
176,"(575, 576)",0.06037,0.05772,0.02205,0.00166
177,"(975, 974)",0.03464,0.03257,0.0274,0.00166
178,"(974, 582)",0.03464,0.03257,0.02668,0.00166
179,"(582, 581)",0.03464,0.03257,0.026,0.00166
180,"(581, 580)",0.03464,0.03257,0.02536,0.00166
181,"(580, 579)",0.03464,0.03257,0.02474,0.00166
182,"(579, 30)",0.03464,0.03257,0.02415,0.00249
183,"(30, 31)",0.02057,0.01921,0.02576,0.00332
184,"(31, 387)",0.03317,0.03146,0.02571,0.00249
185,"(387, 386)",0.03317,0.03146,0.02507,0.00166
186,"(29, 30)",0.02649,0.02553,0.02471,0.00249
187,"(30, 972)",0.04056,0.0389,0.02576,0.00249
188,"(972, 973)",0.04056,0.0389,0.02512,0.00166
189,"(973, 33)",0.04056,0.0389,0.02451,0.00249
190,"(33, 34)",0.01475,0.01477,0.02543,0.00332
191,"(34, 395)",0.01634,0.01594,0.02565,0.00249
192,"(395, 394)",0.01634,0.01594,0.02502,0.00166
193,"(394, 37)",0.01634,0.01594,0.02441,0.00249
194,"(37, 38)",0.00513,0.00514,0.02403,0.00249
195,"(36, 397)",0.01242,0.01171,0.02256,0.00166
196,"(39, 36)",0.01317,0.0133,0.02308,0.00249
197,"(397, 396)",0.01242,0.01171,0.02207,0.00166
198,"(396, 35)",0.01242,0.01171,0.0216,0.00249
199,"(35, 32)",0.04514,0.04436,0.0251,0.00332
200,"(32, 398)",0.04975,0.04846,0.02477,0.00249
201,"(398, 399)",0.04975,0.04846,0.02417,0.00166
202,"(399, 31)",0.04975,0.04846,0.02361,0.00249
203,"(31, 28)",0.03715,0.0362,0.0257,0.00249
204,"(36, 37)",0.00076,0.00077,0.02256,0.00249
205,"(37, 400)",0.01197,0.01156,0.02403,0.00249
206,"(400, 401)",0.01197,0.01156,0.02347,0.00166
207,"(404, 403)",0.00804,0.00733,0.02292,0.00166
208,"(403, 38)",0.00804,0.00733,0.02241,0.00166
209,"(38, 39)",0.01317,0.0133,0.02362,0.00249
210,"(410, 411)",0.05504,0.05034,0.02047,0.00166
211,"(411, 412)",0.05504,0.05034,0.02007,0.00166
212,"(412, 413)",0.05504,0.05034,0.01969,0.00166
213,"(413, 414)",0.05504,0.05034,0.01932,0.00166
214,"(414, 415)",0.05504,0.05034,0.01896,0.00166
215,"(415, 426)",0.05504,0.05034,0.01862,0.00166
216,"(426, 427)",0.05504,0.05034,0.01828,0.00166
217,"(427, 88)",0.05504,0.05034,0.01796,0.00166
218,"(88, 89)",0.08435,0.08032,0.02966,0.00332
219,"(89, 589)",0.04421,0.04123,0.02882,0.00166
220,"(589, 590)",0.04421,0.04123,0.02802,0.00166
221,"(594, 593)",0.04712,0.04426,0.02707,0.00166
222,"(593, 90)",0.04712,0.04426,0.02636,0.00249
223,"(90, 91)",0.02584,0.0235,0.0288,0.00332
224,"(91, 429)",0.06964,0.06347,0.03029,0.00249
225,"(429, 428)",0.06964,0.06347,0.02942,0.00166
226,"(428, 425)",0.06964,0.06347,0.0286,0.00166
227,"(425, 424)",0.06964,0.06347,0.02782,0.00166
228,"(424, 423)",0.06964,0.06347,0.02709,0.00166
229,"(423, 422)",0.06964,0.06347,0.02639,0.00166
230,"(422, 421)",0.06964,0.06347,0.02573,0.00166
231,"(421, 420)",0.06964,0.06347,0.0251,0.00166
232,"(939, 938)",0.01994,0.01678,0.0187,0.00166
233,"(938, 588)",0.01994,0.01678,0.01837,0.00166
234,"(588, 587)",0.01994,0.01678,0.01805,0.00166
235,"(587, 586)",0.01994,0.01678,0.01774,0.00166
236,"(586, 461)",0.01994,0.01678,0.01744,0.00166
237,"(461, 460)",0.01994,0.01678,0.01715,0.00166
238,"(460, 459)",0.01994,0.01678,0.01687,0.00166
239,"(459, 458)",0.01994,0.01678,0.0166,0.00166
240,"(458, 80)",0.01994,0.01678,0.01634,0.00249
241,"(83, 462)",0.03254,0.02994,0.03114,0.00249
242,"(462, 463)",0.03254,0.02994,0.03023,0.00166
243,"(463, 464)",0.03254,0.02994,0.02937,0.00166
244,"(464, 465)",0.03254,0.02994,0.02856,0.00166
245,"(465, 583)",0.03254,0.02994,0.02779,0.00166
246,"(583, 584)",0.03254,0.02994,0.02707,0.00166
247,"(584, 585)",0.03254,0.02994,0.02638,0.00166
248,"(585, 958)",0.03254,0.02994,0.02572,0.00166
249,"(496, 497)",0.04958,0.04802,0.02366,0.00166
250,"(497, 498)",0.04958,0.04802,0.02313,0.00166
251,"(498, 499)",0.04958,0.04802,0.02261,0.00166
252,"(499, 500)",0.04958,0.04802,0.02212,0.00166
253,"(500, 501)",0.04958,0.04802,0.02165,0.00166
254,"(501, 64)",0.04958,0.04802,0.0212,0.00249
255,"(64, 65)",0.05652,0.05685,0.02941,0.00332
256,"(65, 526)",0.05912,0.05936,0.0302,0.00249
257,"(526, 527)",0.05912,0.05936,0.02933,0.00166
258,"(527, 68)",0.05912,0.05936,0.0285,0.00166
259,"(68, 69)",0.09158,0.09497,0.03047,0.00332
260,"(69, 557)",0.08654,0.08888,0.02958,0.00166
261,"(557, 558)",0.08654,0.08888,0.02873,0.00166
262,"(558, 112)",0.08654,0.08888,0.02794,0.00249
263,"(112, 113)",0.06133,0.06291,0.03132,0.00332
264,"(113, 682)",0.07164,0.07226,0.03189,0.00249
265,"(682, 683)",0.07164,0.07226,0.03092,0.00166
266,"(687, 686)",0.07462,0.0754,0.02643,0.00166
267,"(686, 114)",0.07462,0.0754,0.02576,0.00166
268,"(114, 115)",0.10247,0.10493,0.03184,0.00332
269,"(115, 556)",0.0813,0.08318,0.03086,0.00166
270,"(556, 555)",0.0813,0.08318,0.02995,0.00166
271,"(555, 70)",0.0813,0.08318,0.02908,0.00249
272,"(70, 71)",0.06144,0.06266,0.03083,0.00332
273,"(71, 525)",0.06052,0.06097,0.03021,0.00249
274,"(525, 524)",0.06052,0.06097,0.02933,0.00166
275,"(524, 66)",0.06052,0.06097,0.0285,0.00249
276,"(66, 67)",0.06426,0.06447,0.03032,0.00332
277,"(67, 493)",0.05203,0.05111,0.02966,0.00249
278,"(493, 492)",0.05203,0.05111,0.02882,0.00166
279,"(492, 491)",0.05203,0.05111,0.02803,0.00166
280,"(491, 490)",0.05203,0.05111,0.02728,0.00166
281,"(490, 489)",0.05203,0.05111,0.02657,0.00166
282,"(489, 488)",0.05203,0.05111,0.0259,0.00166
283,"(401, 402)",0.01197,0.01156,0.02294,0.00166
284,"(402, 40)",0.01197,0.01156,0.02243,0.00166
285,"(40, 41)",0.02541,0.0257,0.02385,0.00332
286,"(41, 502)",0.01999,0.01958,0.0233,0.00166
287,"(502, 503)",0.01999,0.01958,0.02278,0.00166
288,"(503, 504)",0.01999,0.01958,0.02228,0.00166
289,"(504, 505)",0.01999,0.01958,0.0218,0.00166
290,"(505, 506)",0.01999,0.01958,0.02134,0.00166
291,"(506, 48)",0.01999,0.01958,0.0209,0.00249
292,"(48, 49)",0.01093,0.0114,0.0265,0.00332
293,"(49, 520)",0.016,0.01642,0.02825,0.00249
294,"(520, 521)",0.016,0.01642,0.02749,0.00166
295,"(521, 60)",0.016,0.01642,0.02676,0.00249
296,"(60, 61)",0.00229,0.00237,0.02764,0.00249
297,"(62, 63)",0.01725,0.01827,0.02797,0.00249
298,"(63, 523)",0.01331,0.01342,0.02732,0.00249
299,"(523, 522)",0.01331,0.01342,0.0266,0.00166
300,"(522, 50)",0.01331,0.01342,0.02592,0.00249
301,"(50, 51)",0.02938,0.03008,0.02754,0.00332
302,"(51, 511)",0.0208,0.02016,0.02689,0.00249
303,"(511, 510)",0.0208,0.02016,0.02619,0.00166
304,"(510, 509)",0.0208,0.02016,0.02553,0.00166
305,"(509, 508)",0.0208,0.02016,0.02491,0.00166
306,"(508, 507)",0.0208,0.02016,0.02431,0.00166
307,"(507, 42)",0.0208,0.02016,0.02374,0.00249
308,"(42, 43)",0.01625,0.01602,0.02456,0.00332
309,"(43, 405)",0.00804,0.00733,0.02401,0.00249
310,"(405, 404)",0.00804,0.00733,0.02345,0.00166
311,"(89, 90)",0.04014,0.03825,0.02881,0.00249
312,"(90, 87)",0.06142,0.05901,0.0288,0.00332
313,"(87, 85)",0.03905,0.03789,0.03027,0.00332
314,"(85, 433)",0.06204,0.06066,0.03111,0.00249
315,"(433, 432)",0.06204,0.06066,0.03018,0.00166
316,"(432, 81)",0.06204,0.06066,0.0293,0.00249
317,"(81, 82)",0.06772,0.06578,0.0312,0.00332
318,"(82, 452)",0.06643,0.06499,0.03093,0.00249
319,"(452, 453)",0.06643,0.06499,0.03001,0.00166
320,"(453, 454)",0.06643,0.06499,0.02914,0.00166
321,"(454, 77)",0.06643,0.06499,0.02833,0.00249
322,"(77, 78)",0.04965,0.05029,0.03117,0.00332
323,"(78, 73)",0.06918,0.06903,0.03134,0.00249
324,"(73, 74)",0.07619,0.07662,0.03137,0.00332
325,"(74, 554)",0.04451,0.04477,0.03042,0.00166
326,"(554, 553)",0.04451,0.04477,0.02953,0.00166
327,"(553, 552)",0.04451,0.04477,0.02869,0.00166
328,"(552, 65)",0.04451,0.04477,0.0279,0.00249
329,"(65, 66)",0.04192,0.04227,0.0302,0.00332
330,"(66, 515)",0.03817,0.03877,0.03033,0.00249
331,"(515, 514)",0.03817,0.03877,0.02944,0.00166
332,"(514, 49)",0.03817,0.03877,0.02861,0.00249
333,"(49, 50)",0.0331,0.03374,0.02825,0.00332
334,"(50, 519)",0.01703,0.01708,0.02755,0.00249
335,"(519, 518)",0.01703,0.01708,0.02681,0.00166
336,"(518, 53)",0.01703,0.01708,0.02612,0.00249
337,"(53, 54)",0.012,0.01208,0.02559,0.00249
338,"(55, 52)",0.00795,0.00846,0.02438,0.00249
339,"(52, 516)",0.01782,0.01758,0.0241,0.00249
340,"(516, 517)",0.01782,0.01758,0.02353,0.00166
341,"(517, 51)",0.01782,0.01758,0.023,0.00249
342,"(51, 48)",0.02639,0.0275,0.02688,0.00332
343,"(48, 512)",0.03545,0.03569,0.02651,0.00249
344,"(512, 513)",0.03545,0.03569,0.02583,0.00166
345,"(513, 67)",0.03545,0.03569,0.02519,0.00249
346,"(67, 64)",0.04768,0.04905,0.02965,0.00332
347,"(64, 549)",0.04074,0.04022,0.02941,0.00249
348,"(549, 550)",0.04074,0.04022,0.02858,0.00166
349,"(550, 551)",0.04074,0.04022,0.0278,0.00166
350,"(551, 75)",0.04074,0.04022,0.02705,0.00249
351,"(75, 72)",0.03778,0.03866,0.03068,0.00332
352,"(72, 79)",0.09113,0.08963,0.03026,0.00249
353,"(79, 76)",0.11492,0.11263,0.03137,0.00332
354,"(76, 455)",0.06714,0.06395,0.03042,0.00166
355,"(455, 456)",0.06714,0.06395,0.02953,0.00166
356,"(456, 457)",0.06714,0.06395,0.02869,0.00166
357,"(457, 83)",0.06714,0.06395,0.0279,0.00249
358,"(83, 80)",0.06513,0.0636,0.03112,0.00332
359,"(80, 431)",0.05548,0.05244,0.03032,0.00249
360,"(431, 430)",0.05548,0.05244,0.02944,0.00166
361,"(430, 84)",0.05548,0.05244,0.02861,0.00166
362,"(84, 86)",0.08758,0.08442,0.03134,0.00332
363,"(86, 91)",0.07311,0.06912,0.03039,0.00249
364,"(91, 88)",0.02931,0.02915,0.03027,0.00249
365,"(576, 577)",0.06037,0.05772,0.02159,0.00166
366,"(577, 578)",0.06037,0.05772,0.02114,0.00166
367,"(578, 72)",0.06037,0.05772,0.02071,0.00249
368,"(72, 73)",0.00702,0.00675,0.03026,0.00249
369,"(74, 75)",0.03168,0.03102,0.03041,0.00249
370,"(75, 978)",0.03464,0.03257,0.03069,0.00249
371,"(978, 977)",0.03464,0.03257,0.0298,0.00166
372,"(977, 976)",0.03464,0.03257,0.02895,0.00166
373,"(976, 975)",0.03464,0.03257,0.02815,0.00166
374,"(41, 42)",0.00542,0.00529,0.02329,0.00249
375,"(42, 999)",0.00997,0.00943,0.02456,0.00249
376,"(999, 1000)",0.00997,0.00943,0.02398,0.00166
377,"(1000, 1001)",0.00997,0.00943,0.02342,0.00166
378,"(1001, 45)",0.00997,0.00943,0.02289,0.00249
379,"(44, 536)",0.00523,0.00462,0.02181,0.00166
380,"(536, 537)",0.00523,0.00462,0.02135,0.00166
381,"(537, 538)",0.00523,0.00462,0.02091,0.00166
382,"(538, 43)",0.00523,0.00462,0.02048,0.00249
383,"(43, 40)",0.01344,0.01331,0.024,0.00249
384,"(69, 70)",0.00504,0.00526,0.02957,0.00249
385,"(70, 948)",0.0249,0.02578,0.03083,0.00249
386,"(948, 949)",0.0249,0.02578,0.02992,0.00166
387,"(949, 61)",0.0249,0.02578,0.02906,0.00166
388,"(61, 62)",0.02718,0.02898,0.02877,0.00332
389,"(62, 545)",0.00993,0.00987,0.02798,0.00166
390,"(545, 546)",0.00993,0.00987,0.02722,0.00166
391,"(546, 57)",0.00993,0.00987,0.02651,0.00166
392,"(57, 58)",0.01078,0.01154,0.02601,0.00249
393,"(59, 56)",0.00598,0.00621,0.02472,0.00249
394,"(56, 544)",0.01388,0.01419,0.02506,0.00249
395,"(544, 543)",0.01388,0.01419,0.02445,0.00166
396,"(543, 63)",0.01388,0.01419,0.02387,0.00249
397,"(63, 60)",0.01782,0.01904,0.02731,0.00332
398,"(60, 547)",0.03154,0.03309,0.02765,0.00249
399,"(547, 548)",0.03154,0.03309,0.02691,0.00166
400,"(548, 71)",0.03154,0.03309,0.02621,0.00249
401,"(71, 68)",0.03246,0.03478,0.0302,0.00249
402,"(45, 46)",0.00202,0.00194,0.02247,0.00249
403,"(47, 44)",0.01088,0.01089,0.02229,0.00249
404,"(44, 45)",0.00565,0.00544,0.02181,0.00249
405,"(45, 528)",0.01359,0.01293,0.02247,0.00249
406,"(528, 529)",0.01359,0.01293,0.02198,0.00166
407,"(529, 530)",0.01359,0.01293,0.02152,0.00166
408,"(530, 531)",0.01359,0.01293,0.02107,0.00166
409,"(531, 52)",0.01359,0.01293,0.02064,0.00249
410,"(52, 53)",0.00373,0.00381,0.02409,0.00332
411,"(53, 539)",0.00875,0.00881,0.0256,0.00249
412,"(539, 541)",0.00875,0.00881,0.02497,0.00166
413,"(541, 56)",0.00875,0.00881,0.02436,0.00249
414,"(56, 57)",0.00085,0.00084,0.02505,0.00249
415,"(58, 59)",0.01078,0.01154,0.02535,0.00249
416,"(59, 542)",0.0048,0.0045,0.02473,0.00166
417,"(542, 540)",0.0048,0.0045,0.02414,0.00166
418,"(540, 54)",0.0048,0.0045,0.02357,0.00166
419,"(54, 55)",0.01681,0.01741,0.02498,0.00332
420,"(55, 535)",0.00886,0.00812,0.02438,0.00166
421,"(535, 534)",0.00886,0.00812,0.02381,0.00166
422,"(534, 533)",0.00886,0.00812,0.02326,0.00166
423,"(533, 532)",0.00886,0.00812,0.02274,0.00166
424,"(532, 46)",0.00886,0.00812,0.02224,0.00166
425,"(46, 47)",0.01088,0.01089,0.0228,0.00249
426,"(76, 77)",0.04779,0.04784,0.03041,0.00249
427,"(77, 477)",0.06457,0.06254,0.03118,0.00249
428,"(477, 476)",0.06457,0.06254,0.03025,0.00166
429,"(476, 475)",0.06457,0.06254,0.02938,0.00166
430,"(475, 474)",0.06457,0.06254,0.02855,0.00166
431,"(474, 473)",0.06457,0.06254,0.02777,0.00166
432,"(473, 472)",0.06457,0.06254,0.02703,0.00166
433,"(472, 108)",0.06457,0.06254,0.02633,0.00249
434,"(108, 109)",0.0442,0.04168,0.03257,0.00332
435,"(109, 645)",0.04832,0.04517,0.03305,0.00249
436,"(645, 646)",0.04832,0.04517,0.03201,0.00166
437,"(646, 647)",0.04832,0.04517,0.03102,0.00166
438,"(647, 118)",0.04832,0.04517,0.0301,0.00166
439,"(118, 957)",0.05394,0.05122,0.03124,0.00249
440,"(957, 120)",0.05394,0.05122,0.0303,0.00249
441,"(120, 663)",0.02347,0.02117,0.02942,0.00166
442,"(663, 664)",0.02347,0.02117,0.0286,0.00166
443,"(664, 665)",0.02347,0.02117,0.02781,0.00166
444,"(665, 666)",0.02347,0.02117,0.02707,0.00166
445,"(666, 667)",0.02347,0.02117,0.02637,0.00166
446,"(668, 669)",0.02821,0.02616,0.02652,0.00166
447,"(669, 670)",0.02821,0.02616,0.02584,0.00166
448,"(670, 671)",0.02821,0.02616,0.0252,0.00166
449,"(671, 672)",0.02821,0.02616,0.02459,0.00166
450,"(672, 121)",0.02821,0.02616,0.02401,0.00249
451,"(121, 956)",0.02957,0.02808,0.0294,0.00249
452,"(956, 119)",0.02957,0.02808,0.02856,0.00249
453,"(119, 650)",0.03719,0.03469,0.02851,0.00249
454,"(650, 649)",0.03719,0.03469,0.02773,0.00166
455,"(649, 648)",0.03719,0.03469,0.02699,0.00166
456,"(648, 110)",0.03719,0.03469,0.02629,0.00249
457,"(110, 111)",0.04859,0.04712,0.03276,0.00332
458,"(111, 564)",0.04332,0.04091,0.03268,0.00249
459,"(564, 481)",0.04332,0.04091,0.03166,0.00166
460,"(481, 480)",0.04332,0.04091,0.03071,0.00166
461,"(480, 479)",0.04332,0.04091,0.02981,0.00166
462,"(479, 478)",0.04332,0.04091,0.02896,0.00166
463,"(478, 570)",0.04332,0.04091,0.02815,0.00166
464,"(570, 78)",0.04332,0.04091,0.02739,0.00249
465,"(78, 79)",0.02379,0.02217,0.03133,0.00249
466,"(80, 81)",0.02959,0.02794,0.03032,0.00332
467,"(81, 444)",0.02391,0.02283,0.03121,0.00249
468,"(444, 445)",0.02391,0.02283,0.03028,0.00166
469,"(445, 446)",0.02391,0.02283,0.0294,0.00166
470,"(446, 447)",0.02391,0.02283,0.02857,0.00166
471,"(447, 955)",0.02391,0.02283,0.02779,0.00166
472,"(955, 100)",0.02391,0.02283,0.02705,0.00249
473,"(100, 101)",0.01587,0.01602,0.03196,0.00332
474,"(101, 104)",0.02663,0.02669,0.03272,0.00249
475,"(104, 105)",0.08748,0.09079,0.0329,0.00332
476,"(105, 639)",0.0734,0.07561,0.03187,0.00166
477,"(639, 640)",0.0734,0.07561,0.03089,0.00166
478,"(640, 641)",0.0734,0.07561,0.02998,0.00166
479,"(641, 138)",0.0734,0.07561,0.02911,0.00249
480,"(138, 140)",0.06034,0.06333,0.03196,0.00332
481,"(140, 678)",0.06918,0.07118,0.03277,0.00249
482,"(678, 679)",0.06918,0.07118,0.03175,0.00166
483,"(679, 680)",0.06918,0.07118,0.03079,0.00166
484,"(680, 681)",0.06918,0.07118,0.02989,0.00166
485,"(681, 764)",0.06918,0.07118,0.02904,0.00166
486,"(764, 765)",0.06918,0.07118,0.02824,0.00166
487,"(677, 676)",0.01586,0.01369,0.02261,0.00166
488,"(676, 675)",0.01586,0.01369,0.02212,0.00166
489,"(675, 674)",0.01586,0.01369,0.02166,0.00166
490,"(674, 673)",0.01586,0.01369,0.02121,0.00166
491,"(673, 141)",0.01586,0.01369,0.02078,0.00166
492,"(141, 139)",0.05786,0.05824,0.03203,0.00332
493,"(139, 642)",0.04511,0.04546,0.03105,0.00166
494,"(642, 643)",0.04511,0.04546,0.03012,0.00166
495,"(643, 644)",0.04511,0.04546,0.02925,0.00166
496,"(644, 106)",0.04511,0.04546,0.02843,0.00249
497,"(106, 107)",0.00548,0.00586,0.03213,0.00332
498,"(107, 102)",0.01668,0.01653,0.03282,0.00249
499,"(102, 103)",0.04067,0.04179,0.0329,0.00332
500,"(103, 954)",0.02924,0.0288,0.03187,0.00166
501,"(954, 451)",0.02924,0.0288,0.0309,0.00166
502,"(451, 450)",0.02924,0.0288,0.02999,0.00166
503,"(450, 449)",0.02924,0.0288,0.02912,0.00166
504,"(449, 448)",0.02924,0.0288,0.02831,0.00166
505,"(448, 82)",0.02924,0.0288,0.02754,0.00249
506,"(82, 83)",0.03053,0.02959,0.03092,0.00332
507,"(105, 106)",0.01407,0.01436,0.03186,0.00249
508,"(106, 467)",0.0537,0.05395,0.03213,0.00249
509,"(467, 468)",0.0537,0.05395,0.03114,0.00166
510,"(468, 471)",0.0537,0.05395,0.03021,0.00166
511,"(471, 109)",0.0537,0.05395,0.02934,0.00249
512,"(109, 110)",0.04958,0.05047,0.03304,0.00332
513,"(110, 565)",0.03817,0.03804,0.03277,0.00249
514,"(565, 566)",0.03817,0.03804,0.03175,0.00166
515,"(566, 567)",0.03817,0.03804,0.03078,0.00166
516,"(567, 568)",0.03817,0.03804,0.02988,0.00166
517,"(568, 569)",0.03817,0.03804,0.02902,0.00166
518,"(569, 113)",0.03817,0.03804,0.02821,0.00249
519,"(113, 114)",0.02786,0.0287,0.03188,0.00249
520,"(115, 112)",0.02118,0.02091,0.03086,0.00249
521,"(112, 559)",0.04639,0.04688,0.03133,0.00249
522,"(559, 560)",0.04639,0.04688,0.03039,0.00166
523,"(560, 561)",0.04639,0.04688,0.02951,0.00166
524,"(561, 562)",0.04639,0.04688,0.02868,0.00166
525,"(562, 563)",0.04639,0.04688,0.02789,0.00166
526,"(563, 111)",0.04639,0.04688,0.02714,0.00249
527,"(111, 108)",0.05166,0.05309,0.03267,0.00332
528,"(108, 470)",0.07204,0.07394,0.03258,0.00249
529,"(470, 469)",0.07204,0.07394,0.03157,0.00166
530,"(469, 466)",0.07204,0.07394,0.03061,0.00166
531,"(466, 107)",0.07204,0.07394,0.02971,0.00249
532,"(107, 104)",0.06084,0.06327,0.03282,0.00249
533,"(86, 87)",0.01447,0.01448,0.03039,0.00249
534,"(87, 434)",0.03684,0.0356,0.03027,0.00249
535,"(434, 435)",0.03684,0.0356,0.0294,0.00166
536,"(435, 436)",0.03684,0.0356,0.02857,0.00166
537,"(436, 437)",0.03684,0.0356,0.02778,0.00166
538,"(437, 438)",0.03684,0.0356,0.02704,0.00166
539,"(438, 96)",0.03684,0.0356,0.02634,0.00249
540,"(96, 97)",0.04789,0.04777,0.03218,0.00332
541,"(97, 601)",0.04823,0.04749,0.03152,0.00249
542,"(601, 602)",0.04823,0.04749,0.03057,0.00166
543,"(602, 603)",0.04823,0.04749,0.02967,0.00166
544,"(603, 604)",0.04823,0.04749,0.02883,0.00166
545,"(604, 142)",0.04823,0.04749,0.02803,0.00249
546,"(142, 144)",0.06171,0.06195,0.0324,0.00332
547,"(144, 783)",0.05746,0.05693,0.03163,0.00249
548,"(783, 784)",0.05746,0.05693,0.03067,0.00166
549,"(781, 782)",0.11204,0.11471,0.02599,0.00166
550,"(782, 145)",0.11204,0.11471,0.02534,0.00249
551,"(145, 143)",0.08342,0.08452,0.03211,0.00332
552,"(143, 608)",0.07974,0.0802,0.03287,0.00249
553,"(608, 607)",0.07974,0.0802,0.03184,0.00166
554,"(607, 606)",0.07974,0.0802,0.03087,0.00166
555,"(606, 605)",0.07974,0.0802,0.02995,0.00166
556,"(605, 99)",0.07974,0.0802,0.02909,0.00249
557,"(99, 98)",0.05972,0.05959,0.03213,0.00332
558,"(98, 443)",0.05509,0.05392,0.03284,0.00249
559,"(443, 442)",0.05509,0.05392,0.03181,0.00166
560,"(442, 441)",0.05509,0.05392,0.03084,0.00166
561,"(441, 440)",0.05509,0.05392,0.02993,0.00166
562,"(440, 439)",0.05509,0.05392,0.02907,0.00166
563,"(439, 85)",0.05509,0.05392,0.02826,0.00249
564,"(85, 84)",0.0321,0.03115,0.0311,0.00249
565,"(590, 591)",0.04421,0.04123,0.02726,0.00166
566,"(591, 592)",0.04421,0.04123,0.02655,0.00166
567,"(592, 92)",0.04421,0.04123,0.02587,0.00166
568,"(92, 93)",0.05466,0.05229,0.02973,0.00332
569,"(93, 610)",0.0424,0.03939,0.02888,0.00166
570,"(610, 612)",0.0424,0.03939,0.02808,0.00166
571,"(612, 614)",0.0424,0.03939,0.02733,0.00166
572,"(614, 615)",0.0424,0.03939,0.02661,0.00166
573,"(615, 618)",0.0424,0.03939,0.02593,0.00166
574,"(618, 146)",0.0424,0.03939,0.02529,0.00166
575,"(146, 619)",0.05752,0.05417,0.02874,0.00249
576,"(619, 148)",0.05752,0.05417,0.02794,0.00249
577,"(148, 799)",0.04306,0.04006,0.0272,0.00166
578,"(799, 800)",0.04306,0.04006,0.0265,0.00166
579,"(800, 801)",0.04306,0.04006,0.02583,0.00166
580,"(795, 794)",0.04996,0.0471,0.02178,0.00166
581,"(794, 793)",0.04996,0.0471,0.02132,0.00166
582,"(793, 792)",0.04996,0.0471,0.02089,0.00166
583,"(792, 149)",0.04996,0.0471,0.02047,0.00249
584,"(149, 620)",0.04645,0.04402,0.02788,0.00249
585,"(620, 147)",0.04645,0.04402,0.02713,0.00249
586,"(147, 617)",0.04733,0.04416,0.02784,0.00249
587,"(617, 616)",0.04733,0.04416,0.02709,0.00166
588,"(616, 613)",0.04733,0.04416,0.02639,0.00166
589,"(613, 611)",0.04733,0.04416,0.02572,0.00166
590,"(611, 609)",0.04733,0.04416,0.02509,0.00166
591,"(609, 94)",0.04733,0.04416,0.02448,0.00249
592,"(94, 95)",0.04453,0.04201,0.0288,0.00332
593,"(95, 596)",0.04712,0.04426,0.02943,0.00249
594,"(596, 595)",0.04712,0.04426,0.02859,0.00166
595,"(595, 594)",0.04712,0.04426,0.02781,0.00166
596,"(93, 94)",0.01226,0.01207,0.02887,0.00249
597,"(94, 597)",0.01507,0.01421,0.02881,0.00249
598,"(597, 598)",0.01507,0.01421,0.02801,0.00166
599,"(598, 599)",0.01507,0.01421,0.02726,0.00166
600,"(599, 600)",0.01507,0.01421,0.02654,0.00166
601,"(600, 97)",0.01507,0.01421,0.02586,0.00249
602,"(97, 99)",0.01473,0.0145,0.03151,0.00332
603,"(99, 485)",0.03476,0.0351,0.03214,0.00249
604,"(485, 484)",0.03476,0.0351,0.03114,0.00166
605,"(484, 101)",0.03476,0.0351,0.03021,0.00249
606,"(101, 102)",0.024,0.02443,0.03271,0.00249
607,"(103, 100)",0.01143,0.01216,0.03186,0.00249
608,"(100, 482)",0.01947,0.01896,0.03197,0.00249
609,"(482, 483)",0.01947,0.01896,0.03099,0.00166
610,"(483, 98)",0.01947,0.01896,0.03006,0.00249
611,"(98, 96)",0.0241,0.02464,0.03283,0.00332
612,"(96, 950)",0.01305,0.01247,0.03219,0.00249
613,"(950, 951)",0.01305,0.01247,0.0312,0.00166
614,"(951, 952)",0.01305,0.01247,0.03027,0.00166
615,"(952, 953)",0.01305,0.01247,0.02939,0.00166
616,"(953, 95)",0.01305,0.01247,0.02856,0.00249
617,"(95, 92)",0.01045,0.01022,0.02942,0.00249
618,"(148, 149)",0.01446,0.01328,0.02718,0.00249
619,"(149, 634)",0.01797,0.01635,0.0279,0.00249
620,"(634, 633)",0.01797,0.01635,0.02715,0.00166
621,"(633, 632)",0.01797,0.01635,0.02645,0.00166
622,"(632, 631)",0.01797,0.01635,0.02578,0.00166
623,"(631, 630)",0.01797,0.01635,0.02514,0.00166
624,"(630, 629)",0.01797,0.01635,0.02454,0.00166
625,"(629, 628)",0.01797,0.01635,0.02396,0.00166
626,"(628, 144)",0.01797,0.01635,0.02341,0.00249
627,"(144, 145)",0.02222,0.02138,0.03161,0.00332
628,"(145, 637)",0.05085,0.05157,0.03211,0.00249
629,"(637, 638)",0.05085,0.05157,0.03112,0.00166
630,"(638, 140)",0.05085,0.05157,0.03019,0.00249
631,"(140, 141)",0.042,0.04371,0.03275,0.00249
632,"(139, 138)",0.01275,0.01195,0.03104,0.00249
633,"(138, 636)",0.02581,0.02423,0.03197,0.00249
634,"(636, 635)",0.02581,0.02423,0.03099,0.00166
635,"(635, 143)",0.02581,0.02423,0.03006,0.00249
636,"(143, 142)",0.02949,0.02855,0.03286,0.00332
637,"(142, 627)",0.016,0.01409,0.03242,0.00249
638,"(627, 626)",0.016,0.01409,0.03142,0.00166
639,"(626, 625)",0.016,0.01409,0.03048,0.00166
640,"(625, 624)",0.016,0.01409,0.02959,0.00166
641,"(624, 623)",0.016,0.01409,0.02876,0.00166
642,"(623, 622)",0.016,0.01409,0.02797,0.00166
643,"(622, 621)",0.016,0.01409,0.02722,0.00166
644,"(621, 147)",0.016,0.01409,0.02651,0.00249
645,"(147, 146)",0.01512,0.01395,0.02783,0.00249
646,"(784, 785)",0.05746,0.05693,0.02977,0.00166
647,"(785, 786)",0.05746,0.05693,0.02893,0.00166
648,"(786, 787)",0.05746,0.05693,0.02813,0.00166
649,"(787, 788)",0.05746,0.05693,0.02737,0.00166
650,"(788, 789)",0.05746,0.05693,0.02665,0.00166
651,"(789, 150)",0.05746,0.05693,0.02597,0.00249
652,"(150, 790)",0.03938,0.03987,0.02533,0.00166
653,"(790, 152)",0.03938,0.03987,0.02472,0.00166
654,"(152, 909)",0.04932,0.05023,0.03061,0.00249
655,"(909, 910)",0.04932,0.05023,0.02971,0.00166
656,"(910, 184)",0.04932,0.05023,0.02886,0.00249
657,"(184, 185)",0.03881,0.04134,0.02941,0.00332
658,"(185, 889)",0.02129,0.02243,0.02883,0.00249
659,"(889, 897)",0.02129,0.02243,0.02803,0.00166
660,"(897, 896)",0.02129,0.02243,0.02728,0.00166
661,"(892, 891)",0.04576,0.04985,0.02418,0.00166
662,"(891, 890)",0.04576,0.04985,0.02362,0.00166
663,"(890, 186)",0.04576,0.04985,0.02308,0.00249
664,"(186, 187)",0.06,0.06499,0.02833,0.00332
665,"(187, 911)",0.08086,0.08555,0.02961,0.00249
666,"(911, 912)",0.08086,0.08555,0.02876,0.00166
667,"(912, 153)",0.08086,0.08555,0.02796,0.00249
668,"(153, 791)",0.10716,0.11138,0.03021,0.00249
669,"(791, 151)",0.10716,0.11138,0.02933,0.00249
670,"(151, 776)",0.11204,0.11471,0.03071,0.00249
671,"(776, 777)",0.11204,0.11471,0.02981,0.00166
672,"(777, 778)",0.11204,0.11471,0.02896,0.00166
673,"(778, 779)",0.11204,0.11471,0.02815,0.00166
674,"(779, 780)",0.11204,0.11471,0.02739,0.00166
675,"(780, 781)",0.11204,0.11471,0.02667,0.00166
676,"(155, 154)",0.03368,0.03336,0.02781,0.00332
677,"(154, 775)",0.03625,0.03536,0.03178,0.00249
678,"(775, 774)",0.03625,0.03536,0.03081,0.00166
679,"(774, 153)",0.03625,0.03536,0.02989,0.00249
680,"(153, 152)",0.00994,0.00954,0.03021,0.00249
681,"(150, 151)",0.01808,0.01623,0.02532,0.00249
682,"(151, 772)",0.01319,0.01289,0.0307,0.00249
683,"(772, 773)",0.01319,0.01289,0.02979,0.00166
684,"(773, 771)",0.01319,0.01289,0.02893,0.00166
685,"(771, 293)",0.01319,0.01289,0.02813,0.00249
686,"(293, 295)",0.02452,0.02341,0.03012,0.00249
687,"(295, 296)",0.02452,0.02341,0.02926,0.00166
688,"(765, 766)",0.06918,0.07118,0.02748,0.00166
689,"(766, 767)",0.06918,0.07118,0.02676,0.00166
690,"(767, 293)",0.06918,0.07118,0.02607,0.00249
691,"(293, 154)",0.05786,0.06067,0.0301,0.00332
692,"(154, 920)",0.0553,0.05867,0.03178,0.00249
693,"(920, 919)",0.0553,0.05867,0.03081,0.00166
694,"(919, 918)",0.0553,0.05867,0.0299,0.00166
695,"(918, 180)",0.0553,0.05867,0.02904,0.00249
696,"(180, 181)",0.05784,0.06299,0.03008,0.00332
697,"(181, 903)",0.04206,0.04627,0.0299,0.00249
698,"(903, 904)",0.04206,0.04627,0.02904,0.00166
699,"(904, 905)",0.04206,0.04627,0.02823,0.00166
700,"(901, 902)",0.01801,0.01911,0.02217,0.00166
701,"(902, 182)",0.01801,0.01911,0.02169,0.00249
702,"(182, 183)",0.01542,0.01592,0.02925,0.00332
703,"(183, 923)",0.01376,0.01338,0.02925,0.00249
704,"(923, 922)",0.01376,0.01338,0.02843,0.00166
705,"(922, 921)",0.01376,0.01338,0.02765,0.00166
706,"(921, 155)",0.01376,0.01338,0.02691,0.00332
707,"(155, 298)",0.00584,0.00529,0.02781,0.00249
708,"(298, 296)",0.00584,0.00529,0.02707,0.00166
709,"(294, 296)",0.00965,0.00878,0.02479,0.00166
710,"(667, 134)",0.02347,0.02117,0.0257,0.00166
711,"(134, 135)",0.03713,0.03499,0.02819,0.00332
712,"(135, 737)",0.02551,0.0233,0.02744,0.00166
713,"(737, 738)",0.02551,0.0233,0.02672,0.00166
714,"(738, 739)",0.02551,0.0233,0.02605,0.00166
715,"(739, 294)",0.02551,0.0233,0.0254,0.00249
716,"(294, 770)",0.01586,0.01369,0.02479,0.00166
717,"(770, 769)",0.01586,0.01369,0.02421,0.00166
718,"(769, 768)",0.01586,0.01369,0.02365,0.00166
719,"(768, 677)",0.01586,0.01369,0.02312,0.00166
720,"(297, 736)",0.02005,0.0182,0.0236,0.00166
721,"(736, 735)",0.02005,0.0182,0.02306,0.00166
722,"(735, 734)",0.02005,0.0182,0.02255,0.00166
723,"(734, 136)",0.02005,0.0182,0.02207,0.00249
724,"(136, 137)",0.01932,0.01824,0.0278,0.00332
725,"(137, 668)",0.02821,0.02616,0.02723,0.00249
726,"(135, 136)",0.01161,0.01086,0.02742,0.00249
727,"(136, 720)",0.01235,0.01081,0.02781,0.00249
728,"(720, 721)",0.01235,0.01081,0.02707,0.00166
729,"(721, 722)",0.01235,0.01081,0.02637,0.00166
730,"(722, 723)",0.01235,0.01081,0.0257,0.00166
731,"(723, 724)",0.01235,0.01081,0.02507,0.00166
732,"(724, 725)",0.01235,0.01081,0.02447,0.00166
733,"(725, 726)",0.01235,0.01081,0.02389,0.00166
734,"(726, 131)",0.01235,0.01081,0.02335,0.00249
735,"(131, 132)",0.0121,0.01164,0.02844,0.00332
736,"(133, 130)",0.0281,0.02799,0.02917,0.00332
737,"(130, 727)",0.02254,0.02091,0.02918,0.00249
738,"(727, 728)",0.02254,0.02091,0.02837,0.00166
739,"(728, 729)",0.02254,0.02091,0.0276,0.00166
740,"(729, 730)",0.02254,0.02091,0.02687,0.00166
741,"(730, 731)",0.02254,0.02091,0.02618,0.00166
742,"(731, 732)",0.02254,0.02091,0.02552,0.00166
743,"(732, 733)",0.02254,0.02091,0.0249,0.00166
744,"(733, 137)",0.02254,0.02091,0.0243,0.00249
745,"(137, 134)",0.01365,0.01299,0.02722,0.00249
746,"(296, 740)",0.04001,0.03914,0.03273,0.00332
747,"(740, 741)",0.04001,0.03914,0.03171,0.00166
748,"(741, 742)",0.04001,0.03914,0.03075,0.00166
749,"(742, 743)",0.04001,0.03914,0.02984,0.00166
750,"(743, 744)",0.04001,0.03914,0.02899,0.00166
751,"(744, 745)",0.04001,0.03914,0.02818,0.00166
752,"(745, 746)",0.04001,0.03914,0.02742,0.00166
753,"(746, 157)",0.04001,0.03914,0.0267,0.00249
754,"(157, 158)",0.02923,0.0288,0.02951,0.00332
755,"(155, 929)",0.0098,0.00868,0.02781,0.00249
756,"(929, 930)",0.0098,0.00868,0.02707,0.00166
757,"(930, 931)",0.0098,0.00868,0.02636,0.00166
758,"(931, 932)",0.0098,0.00868,0.02569,0.00166
759,"(932, 933)",0.0098,0.00868,0.02506,0.00166
760,"(933, 934)",0.0098,0.00868,0.02445,0.00166
761,"(934, 161)",0.0098,0.00868,0.02388,0.00249
762,"(160, 992)",0.03556,0.03479,0.02889,0.00249
763,"(992, 993)",0.03556,0.03479,0.02809,0.00166
764,"(993, 994)",0.03556,0.03479,0.02733,0.00166
765,"(994, 995)",0.03556,0.03479,0.02661,0.00166
766,"(995, 996)",0.03556,0.03479,0.02593,0.00166
767,"(996, 997)",0.03556,0.03479,0.02529,0.00166
768,"(997, 155)",0.03556,0.03479,0.02467,0.00332
769,"(156, 985)",0.02005,0.0182,0.02896,0.00249
770,"(985, 986)",0.02005,0.0182,0.02816,0.00166
771,"(986, 987)",0.02005,0.0182,0.0274,0.00166
772,"(987, 988)",0.02005,0.0182,0.02669,0.00166
773,"(988, 989)",0.02005,0.0182,0.02601,0.00166
774,"(989, 990)",0.02005,0.0182,0.02536,0.00166
775,"(990, 991)",0.02005,0.0182,0.02474,0.00166
776,"(991, 297)",0.02005,0.0182,0.02416,0.00166
777,"(801, 802)",0.04306,0.04006,0.0252,0.00166
778,"(802, 803)",0.04306,0.04006,0.0246,0.00166
779,"(803, 804)",0.04306,0.04006,0.02402,0.00166
780,"(804, 805)",0.04306,0.04006,0.02347,0.00166
781,"(805, 806)",0.04306,0.04006,0.02295,0.00166
782,"(806, 808)",0.04306,0.04006,0.02245,0.00166
783,"(808, 809)",0.04306,0.04006,0.02197,0.00166
784,"(809, 810)",0.04306,0.04006,0.02151,0.00166
785,"(810, 196)",0.04306,0.04006,0.02107,0.00166
786,"(196, 197)",0.06466,0.06212,0.02686,0.00332
787,"(197, 814)",0.04026,0.03855,0.02616,0.00166
788,"(814, 816)",0.04026,0.03855,0.0255,0.00166
789,"(816, 274)",0.04026,0.03855,0.02487,0.00166
790,"(274, 275)",0.04257,0.04158,0.02475,0.00332
791,"(275, 278)",0.03543,0.03264,0.02417,0.00166
792,"(278, 817)",0.03543,0.03264,0.02361,0.00166
793,"(817, 280)",0.03543,0.03264,0.02308,0.00166
794,"(279, 818)",0.03819,0.03598,0.01591,0.00166
795,"(818, 277)",0.03819,0.03598,0.01567,0.00166
796,"(277, 276)",0.03819,0.03598,0.01543,0.00166
797,"(276, 273)",0.04533,0.04492,0.02384,0.00332
798,"(273, 200)",0.04302,0.0419,0.02329,0.00166
799,"(200, 815)",0.04302,0.0419,0.02276,0.00249
800,"(815, 198)",0.0246,0.0235,0.02226,0.00249
801,"(198, 201)",0.03323,0.03139,0.02575,0.00332
802,"(201, 195)",0.03274,0.03091,0.02651,0.00249
803,"(195, 813)",0.04996,0.0471,0.02622,0.00249
804,"(813, 812)",0.04996,0.0471,0.02557,0.00166
805,"(812, 811)",0.04996,0.0471,0.02495,0.00166
806,"(811, 807)",0.04996,0.0471,0.02436,0.00166
807,"(807, 798)",0.04996,0.0471,0.02379,0.00166
808,"(798, 797)",0.04996,0.0471,0.02325,0.00166
809,"(797, 796)",0.04996,0.0471,0.02274,0.00166
810,"(796, 795)",0.04996,0.0471,0.02225,0.00166
811,"(815, 199)",0.01842,0.01756,0.02227,0.00166
812,"(194, 195)",0.01721,0.01535,0.0257,0.00166
813,"(199, 913)",0.03419,0.03324,0.0252,0.00249
814,"(913, 914)",0.03419,0.03324,0.02459,0.00166
815,"(914, 915)",0.03419,0.03324,0.02401,0.00166
816,"(915, 916)",0.03419,0.03324,0.02345,0.00166
817,"(916, 185)",0.03419,0.03324,0.02292,0.00249
818,"(185, 186)",0.05172,0.05214,0.02882,0.00332
819,"(187, 184)",0.02782,0.02804,0.0296,0.00332
820,"(184, 968)",0.03833,0.03693,0.02942,0.00249
821,"(968, 967)",0.03833,0.03693,0.02859,0.00166
822,"(967, 966)",0.03833,0.03693,0.02781,0.00166
823,"(966, 965)",0.03833,0.03693,0.02706,0.00166
824,"(965, 194)",0.03833,0.03693,0.02636,0.00249
825,"(194, 201)",0.02112,0.02075,0.02569,0.00249
826,"(201, 196)",0.0216,0.02123,0.02649,0.00249
827,"(197, 198)",0.0244,0.02273,0.02616,0.00249
828,"(198, 199)",0.01577,0.01484,0.02576,0.00249
829,"(275, 276)",0.00714,0.00811,0.02415,0.00166
830,"(273, 274)",0.00231,0.0022,0.02328,0.00166
831,"(280, 281)",0.03543,0.03264,0.02257,0.00166
832,"(281, 819)",0.03543,0.03264,0.02209,0.00166
833,"(819, 821)",0.03543,0.03264,0.02162,0.00166
834,"(821, 823)",0.03543,0.03264,0.02118,0.00166
835,"(823, 826)",0.03543,0.03264,0.02075,0.00166
836,"(825, 824)",0.03819,0.03598,0.01725,0.00166
837,"(824, 822)",0.03819,0.03598,0.01696,0.00166
838,"(822, 820)",0.03819,0.03598,0.01669,0.00166
839,"(820, 282)",0.03819,0.03598,0.01642,0.00166
840,"(282, 279)",0.03819,0.03598,0.01616,0.00166
841,"(186, 1002)",0.03747,0.037,0.02834,0.00249
842,"(1002, 181)",0.03747,0.037,0.02756,0.00249
843,"(181, 182)",0.05326,0.05372,0.02989,0.00332
844,"(182, 998)",0.05586,0.05692,0.02926,0.00249
845,"(924, 183)",0.04956,0.05038,0.02438,0.00249
846,"(183, 180)",0.05122,0.05292,0.02925,0.00332
847,"(180, 917)",0.04867,0.0486,0.03008,0.00249
848,"(917, 187)",0.04867,0.0486,0.02921,0.00249
849,"(998, 937)",0.05586,0.05692,0.02844,0.00166
850,"(937, 1003)",0.05586,0.05692,0.02766,0.00166
851,"(1003, 936)",0.05586,0.05692,0.02693,0.00166
852,"(936, 935)",0.05586,0.05692,0.02623,0.00166
853,"(928, 927)",0.04956,0.05038,0.02698,0.00166
854,"(927, 926)",0.04956,0.05038,0.02628,0.00166
855,"(926, 925)",0.04956,0.05038,0.02561,0.00166
856,"(925, 924)",0.04956,0.05038,0.02498,0.00166
857,"(896, 895)",0.02129,0.02243,0.02656,0.00166
858,"(895, 894)",0.02129,0.02243,0.02588,0.00166
859,"(894, 188)",0.02129,0.02243,0.02524,0.00249
860,"(188, 189)",0.01393,0.01382,0.02588,0.00332
861,"(189, 190)",0.00793,0.00769,0.02544,0.00249
862,"(190, 191)",0.01948,0.02173,0.02488,0.00332
863,"(191, 192)",0.00147,0.0018,0.02428,0.00166
864,"(192, 193)",0.04353,0.04889,0.02625,0.00332
865,"(193, 188)",0.03385,0.03948,0.02604,0.00332
866,"(193, 908)",0.04576,0.04985,0.02605,0.00249
867,"(908, 893)",0.04576,0.04985,0.02539,0.00166
868,"(893, 892)",0.04576,0.04985,0.02477,0.00166
869,"(189, 193)",0.03609,0.04044,0.02543,0.00332
870,"(905, 906)",0.04206,0.04627,0.02747,0.00166
871,"(906, 907)",0.04206,0.04627,0.02674,0.00166
872,"(907, 192)",0.04206,0.04627,0.02605,0.00166
873,"(191, 898)",0.01801,0.01911,0.02429,0.00166
874,"(898, 899)",0.01801,0.01911,0.02372,0.00166
875,"(899, 900)",0.01801,0.01911,0.02318,0.00166
876,"(900, 901)",0.01801,0.01911,0.02266,0.00166
877,"(683, 684)",0.07164,0.07226,0.03,0.00166
878,"(684, 685)",0.07164,0.07226,0.02914,0.00166
879,"(685, 116)",0.07164,0.07226,0.02833,0.00249
880,"(116, 696)",0.06904,0.07066,0.03063,0.00249
881,"(696, 124)",0.06904,0.07066,0.02972,0.00249
882,"(124, 694)",0.06895,0.0704,0.03066,0.00249
883,"(694, 698)",0.06895,0.0704,0.02976,0.00166
884,"(698, 699)",0.06895,0.0704,0.02891,0.00166
885,"(699, 700)",0.06895,0.0704,0.02811,0.00166
886,"(703, 702)",0.0444,0.04556,0.02609,0.00166
887,"(702, 695)",0.0444,0.04556,0.02544,0.00166
888,"(695, 125)",0.0444,0.04556,0.02482,0.00166
889,"(125, 697)",0.08526,0.08647,0.0304,0.00249
890,"(697, 117)",0.08526,0.08647,0.0295,0.00249
891,"(117, 689)",0.07462,0.0754,0.02867,0.00166
892,"(689, 688)",0.07462,0.0754,0.02788,0.00166
893,"(688, 687)",0.07462,0.0754,0.02714,0.00166
894,"(117, 116)",0.01064,0.01024,0.02866,0.00249
895,"(116, 691)",0.01324,0.01184,0.03064,0.00249
896,"(691, 690)",0.01324,0.01184,0.02975,0.00166
897,"(690, 656)",0.01324,0.01184,0.0289,0.00166
898,"(656, 655)",0.01324,0.01184,0.02811,0.00166
899,"(655, 654)",0.01324,0.01184,0.02735,0.00166
900,"(654, 653)",0.01324,0.01184,0.02664,0.00166
901,"(653, 652)",0.01324,0.01184,0.02596,0.00166
902,"(652, 651)",0.01324,0.01184,0.02532,0.00166
903,"(651, 119)",0.01324,0.01184,0.0247,0.00249
904,"(119, 118)",0.00562,0.00522,0.0285,0.00249
905,"(120, 121)",0.03047,0.02922,0.02941,0.00249
906,"(121, 657)",0.02911,0.02731,0.02941,0.00249
907,"(657, 658)",0.02911,0.02731,0.02859,0.00166
908,"(658, 659)",0.02911,0.02731,0.02781,0.00166
909,"(659, 660)",0.02911,0.02731,0.02707,0.00166
910,"(660, 661)",0.02911,0.02731,0.02637,0.00166
911,"(661, 662)",0.02911,0.02731,0.02571,0.00166
912,"(662, 122)",0.02911,0.02731,0.02508,0.00249
913,"(122, 123)",0.00692,0.00587,0.02448,0.00166
914,"(123, 692)",0.04077,0.03982,0.0284,0.00249
915,"(692, 693)",0.04077,0.03982,0.02762,0.00166
916,"(693, 124)",0.04077,0.03982,0.02689,0.00249
917,"(124, 125)",0.04086,0.04008,0.03065,0.00249
918,"(122, 707)",0.02219,0.02061,0.02448,0.00166
919,"(707, 709)",0.02219,0.02061,0.0239,0.00166
920,"(709, 711)",0.02219,0.02061,0.02336,0.00166
921,"(711, 713)",0.02219,0.02061,0.02283,0.00166
922,"(713, 130)",0.02219,0.02061,0.02234,0.00249
923,"(130, 131)",0.02775,0.02768,0.02917,0.00332
924,"(131, 747)",0.028,0.02685,0.02845,0.00249
925,"(747, 748)",0.028,0.02685,0.02767,0.00166
926,"(750, 132)",0.04234,0.04216,0.02702,0.00249
927,"(132, 133)",0.04641,0.04622,0.02903,0.00332
928,"(133, 712)",0.03385,0.03312,0.02918,0.00249
929,"(712, 710)",0.03385,0.03312,0.02836,0.00166
930,"(710, 708)",0.03385,0.03312,0.02759,0.00166
931,"(708, 706)",0.03385,0.03312,0.02686,0.00166
932,"(706, 123)",0.03385,0.03312,0.02617,0.00166
933,"(935, 177)",0.05586,0.05692,0.02557,0.00166
934,"(177, 178)",0.06089,0.06293,0.02838,0.00332
935,"(178, 882)",0.0293,0.03028,0.02761,0.00166
936,"(882, 881)",0.0293,0.03028,0.02687,0.00166
937,"(881, 880)",0.0293,0.03028,0.02618,0.00166
938,"(880, 173)",0.0293,0.03028,0.02552,0.00249
939,"(173, 174)",0.01384,0.01452,0.02779,0.00249
940,"(175, 172)",0.02206,0.02317,0.02654,0.00249
941,"(172, 883)",0.03804,0.03919,0.02724,0.00249
942,"(883, 884)",0.03804,0.03919,0.02652,0.00166
943,"(884, 885)",0.03804,0.03919,0.02585,0.00166
944,"(885, 179)",0.03804,0.03919,0.0252,0.00249
945,"(179, 176)",0.04093,0.04226,0.02801,0.00332
946,"(176, 928)",0.04956,0.05038,0.02771,0.00249
947,"(748, 749)",0.028,0.02685,0.02694,0.00166
948,"(749, 156)",0.028,0.02685,0.02624,0.00249
949,"(156, 157)",0.03144,0.03188,0.02895,0.00332
950,"(157, 753)",0.04222,0.04222,0.02951,0.00249
951,"(753, 160)",0.04222,0.04222,0.02867,0.00249
952,"(160, 161)",0.02128,0.02225,0.02888,0.00332
953,"(161, 879)",0.01366,0.0133,0.02855,0.00249
954,"(879, 878)",0.01366,0.0133,0.02776,0.00166
955,"(878, 877)",0.01366,0.0133,0.02702,0.00166
956,"(877, 176)",0.01366,0.0133,0.02632,0.00249
957,"(176, 177)",0.00503,0.00519,0.0277,0.00249
958,"(178, 179)",0.03159,0.03182,0.0276,0.00249
959,"(179, 971)",0.0287,0.02875,0.02801,0.00249
960,"(971, 970)",0.0287,0.02875,0.02726,0.00166
961,"(970, 969)",0.0287,0.02875,0.02654,0.00166
962,"(969, 162)",0.0287,0.02875,0.02586,0.00249
963,"(162, 163)",0.03627,0.03666,0.02812,0.00332
964,"(163, 754)",0.03583,0.03608,0.02836,0.00249
965,"(754, 158)",0.03583,0.03608,0.02759,0.00249
966,"(158, 159)",0.05308,0.05298,0.02921,0.00332
967,"(159, 752)",0.04234,0.04216,0.02937,0.00249
968,"(752, 751)",0.04234,0.04216,0.02854,0.00166
969,"(751, 750)",0.04234,0.04216,0.02776,0.00166
970,"(158, 763)",0.01198,0.0119,0.02922,0.00249
971,"(763, 761)",0.01198,0.0119,0.0284,0.00166
972,"(761, 762)",0.01198,0.0119,0.02762,0.00166
973,"(762, 165)",0.01198,0.0119,0.02688,0.00249
974,"(165, 166)",0.00821,0.00823,0.02905,0.00249
975,"(167, 164)",0.00626,0.00669,0.02789,0.00249
976,"(164, 982)",0.01276,0.0124,0.0287,0.00249
977,"(982, 983)",0.01276,0.0124,0.0279,0.00166
978,"(983, 984)",0.01276,0.0124,0.02715,0.00166
979,"(984, 159)",0.01276,0.0124,0.02644,0.00249
980,"(159, 156)",0.02349,0.02322,0.02937,0.00332
981,"(161, 162)",0.01741,0.01763,0.02854,0.00332
982,"(162, 945)",0.00984,0.00973,0.02812,0.00249
983,"(945, 946)",0.00984,0.00973,0.02736,0.00166
984,"(946, 947)",0.00984,0.00973,0.02664,0.00166
985,"(947, 169)",0.00984,0.00973,0.02596,0.00249
986,"(169, 170)",0.00604,0.00648,0.02808,0.00249
987,"(171, 168)",0.00831,0.00875,0.02697,0.00249
988,"(168, 979)",0.01417,0.01425,0.02836,0.00249
989,"(979, 980)",0.01417,0.01425,0.02758,0.00166
990,"(980, 981)",0.01417,0.01425,0.02685,0.00166
991,"(981, 163)",0.01417,0.01425,0.02615,0.00249
992,"(163, 160)",0.01461,0.01482,0.02836,0.00332
993,"(700, 701)",0.06895,0.0704,0.02735,0.00166
994,"(701, 126)",0.06895,0.0704,0.02663,0.00249
995,"(126, 127)",0.05936,0.06168,0.02928,0.00332
996,"(127, 755)",0.0572,0.05944,0.02941,0.00249
997,"(755, 756)",0.0572,0.05944,0.02858,0.00166
998,"(756, 757)",0.0572,0.05944,0.0278,0.00166
999,"(757, 164)",0.0572,0.05944,0.02705,0.00249
1000,"(164, 165)",0.0507,0.05372,0.02869,0.00332
1001,"(165, 876)",0.05447,0.0574,0.02905,0.00249
1002,"(876, 168)",0.05447,0.0574,0.02824,0.00249
1003,"(168, 169)",0.04861,0.0519,0.02835,0.00332
1004,"(169, 874)",0.0524,0.05515,0.02808,0.00249
1005,"(874, 872)",0.0524,0.05515,0.02732,0.00166
1006,"(872, 172)",0.0524,0.05515,0.0266,0.00249
1007,"(172, 173)",0.03642,0.03913,0.02723,0.00332
1008,"(173, 202)",0.05189,0.05488,0.02779,0.00249
1009,"(205, 174)",0.0487,0.05129,0.02542,0.00166
1010,"(174, 175)",0.06254,0.06664,0.02727,0.00332
1011,"(175, 871)",0.04047,0.04264,0.02655,0.00166
1012,"(871, 873)",0.04047,0.04264,0.02587,0.00166
1013,"(873, 170)",0.04047,0.04264,0.02522,0.00166
1014,"(170, 171)",0.04652,0.04995,0.02772,0.00332
1015,"(171, 875)",0.03821,0.04037,0.02698,0.00166
1016,"(875, 166)",0.03821,0.04037,0.02627,0.00166
1017,"(166, 167)",0.04641,0.04943,0.02868,0.00332
1018,"(167, 758)",0.04015,0.04191,0.02789,0.00166
1019,"(758, 759)",0.04015,0.04191,0.02714,0.00166
1020,"(759, 760)",0.04015,0.04191,0.02643,0.00166
1021,"(760, 128)",0.04015,0.04191,0.02576,0.00166
1022,"(128, 129)",0.05035,0.05256,0.02908,0.00332
1023,"(129, 705)",0.0444,0.04556,0.02827,0.00166
1024,"(705, 704)",0.0444,0.04556,0.0275,0.00166
1025,"(704, 703)",0.0444,0.04556,0.02678,0.00166
1026,"(132, 719)",0.00803,0.00758,0.02903,0.00249
1027,"(719, 718)",0.00803,0.00758,0.02822,0.00166
1028,"(718, 717)",0.00803,0.00758,0.02746,0.00166
1029,"(717, 127)",0.00803,0.00758,0.02673,0.00249
1030,"(127, 128)",0.0102,0.00982,0.02941,0.00249
1031,"(129, 126)",0.00595,0.00617,0.02826,0.00249
1032,"(126, 716)",0.01555,0.01489,0.02929,0.00249
1033,"(716, 715)",0.01555,0.01489,0.02846,0.00166
1034,"(715, 714)",0.01555,0.01489,0.02768,0.00166
1035,"(714, 133)",0.01555,0.01489,0.02694,0.00249
1036,"(202, 203)",0.05223,0.05615,0.02727,0.00332
1037,"(203, 206)",0.04863,0.05085,0.02655,0.00166
1038,"(206, 207)",0.04968,0.05274,0.02608,0.00332
1039,"(207, 870)",0.04609,0.04746,0.02542,0.00166
1040,"(870, 868)",0.04609,0.04746,0.0248,0.00166
1041,"(868, 866)",0.04609,0.04746,0.02421,0.00166
1042,"(866, 864)",0.04609,0.04746,0.02364,0.00166
1043,"(864, 210)",0.04609,0.04746,0.0231,0.00166
1044,"(210, 211)",0.04702,0.04928,0.02315,0.00332
1045,"(211, 862)",0.03632,0.03814,0.02263,0.00166
1046,"(862, 860)",0.03632,0.03814,0.02214,0.00166
1047,"(859, 861)",0.03313,0.03455,0.01932,0.00166
1048,"(861, 212)",0.03313,0.03455,0.01896,0.00166
1049,"(212, 213)",0.04383,0.04569,0.02232,0.00332
1050,"(213, 863)",0.0429,0.04386,0.02184,0.00166
1051,"(863, 865)",0.0429,0.04386,0.02138,0.00166
1052,"(865, 867)",0.0429,0.04386,0.02094,0.00166
1053,"(867, 869)",0.0429,0.04386,0.02051,0.00166
1054,"(869, 208)",0.0429,0.04386,0.02011,0.00166
1055,"(208, 209)",0.04649,0.04915,0.02501,0.00332
1056,"(209, 204)",0.04544,0.04725,0.02441,0.00166
1057,"(204, 205)",0.04904,0.05256,0.02608,0.00332
1058,"(860, 858)",0.03632,0.03814,0.02166,0.00166
1059,"(858, 214)",0.03632,0.03814,0.02121,0.00166
1060,"(214, 215)",0.03689,0.03967,0.02119,0.00332
1061,"(215, 856)",0.02807,0.03012,0.02075,0.00166
1062,"(856, 218)",0.02807,0.03012,0.02033,0.00166
1063,"(218, 219)",0.02894,0.03193,0.02017,0.00332
1064,"(219, 854)",0.02372,0.02537,0.01978,0.00166
1065,"(854, 851)",0.02372,0.02537,0.0194,0.00166
1066,"(851, 223)",0.02372,0.02537,0.01903,0.00166
1067,"(223, 224)",0.02476,0.02738,0.01902,0.00332
1068,"(224, 849)",0.01895,0.02051,0.01867,0.00166
1069,"(850, 225)",0.01576,0.01691,0.0175,0.00166
1070,"(225, 222)",0.02157,0.02379,0.0186,0.00332
1071,"(222, 852)",0.02053,0.02178,0.01826,0.00166
1072,"(852, 853)",0.02053,0.02178,0.01793,0.00166
1073,"(853, 220)",0.02053,0.02178,0.01762,0.00166
1074,"(220, 221)",0.02575,0.02833,0.01956,0.00332
1075,"(221, 855)",0.02488,0.02652,0.01918,0.00166
1076,"(855, 216)",0.02488,0.02652,0.01883,0.00166
1077,"(216, 217)",0.0337,0.03608,0.0205,0.00332
1078,"(217, 857)",0.03313,0.03455,0.02009,0.00166
1079,"(857, 859)",0.03313,0.03455,0.0197,0.00166
1080,"(203, 204)",0.0036,0.00447,0.02654,0.00166
1081,"(205, 202)",0.00034,0.00044,0.02542,0.00166
1082,"(207, 208)",0.00359,0.00445,0.02542,0.00166
1083,"(209, 206)",0.00105,0.00106,0.0244,0.00166
1084,"(211, 212)",0.01071,0.01031,0.02263,0.00166
1085,"(213, 210)",0.00093,0.00099,0.02184,0.00166
1086,"(215, 216)",0.00883,0.00872,0.02075,0.00166
1087,"(217, 214)",0.00058,0.0007,0.02009,0.00166
1088,"(219, 220)",0.00522,0.00573,0.01977,0.00166
1089,"(221, 218)",0.00087,0.00098,0.01918,0.00166
1090,"(224, 225)",0.00581,0.00604,0.01867,0.00166
1091,"(222, 223)",0.00103,0.00118,0.01826,0.00166
1092,"(849, 227)",0.01895,0.02051,0.01833,0.00249
1093,"(227, 228)",0.00371,0.00408,0.01843,0.00249
1094,"(229, 226)",0.01886,0.02083,0.01813,0.00249
1095,"(226, 850)",0.01576,0.01691,0.01781,0.00166
1096,"(226, 227)",0.00311,0.00308,0.01781,0.00249
1097,"(227, 846)",0.01834,0.01952,0.01843,0.00249
1098,"(846, 847)",0.01834,0.01952,0.0181,0.00166
1099,"(847, 848)",0.01834,0.01952,0.01778,0.00166
1100,"(848, 233)",0.01834,0.01952,0.01748,0.00166
1101,"(233, 230)",0.02023,0.02269,0.01823,0.00332
1102,"(232, 843)",0.01515,0.01592,0.01787,0.00166
1103,"(843, 844)",0.01515,0.01592,0.01756,0.00166
1104,"(844, 845)",0.01515,0.01592,0.01726,0.00166
1105,"(845, 228)",0.01515,0.01592,0.01697,0.00166
1106,"(228, 229)",0.01886,0.02083,0.01847,0.00249
1107,"(242, 838)",0.01594,0.01696,0.01859,0.00166
1108,"(838, 839)",0.01594,0.01696,0.01825,0.00166
1109,"(839, 241)",0.01594,0.01696,0.01793,0.00166
1110,"(241, 240)",0.01731,0.01954,0.0183,0.00332
1111,"(240, 239)",0.01259,0.01385,0.01798,0.00166
1112,"(239, 238)",0.01419,0.0167,0.01822,0.00332
1113,"(238, 231)",0.01218,0.01338,0.0179,0.00166
1114,"(231, 232)",0.01704,0.01909,0.01819,0.00332
1115,"(230, 234)",0.01537,0.01698,0.01791,0.00166
1116,"(234, 235)",0.01738,0.0203,0.01819,0.00332
1117,"(235, 236)",0.01578,0.01745,0.01787,0.00166
1118,"(236, 237)",0.0205,0.02314,0.01822,0.00332
1119,"(237, 840)",0.01913,0.02056,0.0179,0.00166
1120,"(840, 841)",0.01913,0.02056,0.01759,0.00166
1121,"(841, 243)",0.01913,0.02056,0.01728,0.00166
1122,"(230, 231)",0.00486,0.00488,0.01791,0.00166
1123,"(232, 233)",0.00189,0.00234,0.01787,0.00166
1124,"(235, 239)",0.0016,0.00202,0.01787,0.00166
1125,"(238, 234)",0.00201,0.00249,0.01789,0.00166
1126,"(237, 241)",0.00138,0.00175,0.01789,0.00166
1127,"(240, 236)",0.00473,0.00486,0.01797,0.00166
1128,"(242, 243)",0.00875,0.00927,0.01859,0.00166
1129,"(831, 286)",0.03543,0.03264,0.01884,0.00166
1130,"(286, 287)",0.03654,0.03483,0.0197,0.00332
1131,"(287, 833)",0.01462,0.01475,0.01932,0.00166
1132,"(833, 835)",0.01462,0.01475,0.01896,0.00166
1133,"(835, 292)",0.01462,0.01475,0.01861,0.00166
1134,"(292, 837)",0.02469,0.02706,0.0193,0.00249
1135,"(837, 242)",0.02469,0.02706,0.01894,0.00249
1136,"(243, 244)",0.02787,0.03065,0.01856,0.00332
1137,"(244, 291)",0.01077,0.01094,0.01822,0.00249
1138,"(291, 290)",0.0104,0.01078,0.01916,0.00249
1139,"(290, 836)",0.01738,0.01809,0.0191,0.00249
1140,"(836, 834)",0.01738,0.01809,0.01875,0.00166
1141,"(834, 288)",0.01738,0.01809,0.01841,0.00166
1142,"(288, 285)",0.0393,0.03817,0.01918,0.00332
1143,"(285, 832)",0.03819,0.03598,0.01883,0.00166
1144,"(259, 260)",0.02847,0.03409,0.02197,0.00332
1145,"(260, 255)",0.02493,0.02887,0.0215,0.00166
1146,"(255, 256)",0.02536,0.03025,0.02124,0.00332
1147,"(256, 251)",0.02183,0.02505,0.0208,0.00166
1148,"(251, 252)",0.02227,0.02645,0.02056,0.00332
1149,"(252, 247)",0.01889,0.02142,0.02014,0.00166
1150,"(247, 248)",0.01977,0.02332,0.01993,0.00332
1151,"(248, 289)",0.01668,0.01862,0.01954,0.00249
1152,"(289, 291)",0.0097,0.01131,0.01917,0.00249
1153,"(291, 292)",0.01007,0.01148,0.01916,0.00249
1154,"(289, 290)",0.00698,0.00648,0.01917,0.00166
1155,"(244, 842)",0.01711,0.01888,0.01822,0.00166
1156,"(842, 246)",0.01711,0.01888,0.0179,0.00166
1157,"(246, 245)",0.0202,0.02358,0.01939,0.00332
1158,"(245, 250)",0.01932,0.02167,0.01902,0.00166
1159,"(250, 249)",0.0227,0.0267,0.01993,0.00332
1160,"(249, 254)",0.02226,0.02531,0.01954,0.00166
1161,"(254, 253)",0.02579,0.03051,0.02056,0.00332
1162,"(253, 258)",0.02536,0.02912,0.02014,0.00166
1163,"(258, 257)",0.0289,0.03434,0.02124,0.00332
1164,"(248, 246)",0.00309,0.00387,0.01954,0.00166
1165,"(245, 247)",0.00088,0.00108,0.01902,0.00166
1166,"(252, 250)",0.00338,0.0042,0.02014,0.00166
1167,"(249, 251)",0.00044,0.00057,0.01954,0.00166
1168,"(256, 254)",0.00353,0.00437,0.0208,0.00166
1169,"(253, 255)",0.00043,0.00056,0.02014,0.00166
1170,"(260, 258)",0.00354,0.00439,0.0215,0.00166
1171,"(257, 259)",0.00041,0.00054,0.0208,0.00166
1172,"(188, 887)",0.04121,0.04809,0.02588,0.00249
1173,"(887, 886)",0.04121,0.04809,0.02523,0.00166
1174,"(886, 270)",0.04121,0.04809,0.02462,0.00166
1175,"(270, 269)",0.0416,0.04944,0.02448,0.00332
1176,"(269, 268)",0.03443,0.04051,0.02389,0.00166
1177,"(268, 266)",0.03481,0.04185,0.02358,0.00332
1178,"(266, 263)",0.03123,0.0366,0.02304,0.00166
1179,"(263, 264)",0.03162,0.03795,0.02275,0.00332
1180,"(264, 259)",0.02806,0.03272,0.02225,0.00166
1181,"(257, 262)",0.02849,0.03297,0.0208,0.00166
1182,"(262, 261)",0.03205,0.03821,0.02197,0.00332
1183,"(261, 265)",0.03166,0.03686,0.0215,0.00166
1184,"(265, 267)",0.03524,0.04211,0.02275,0.00332
1185,"(267, 271)",0.03486,0.04077,0.02225,0.00166
1186,"(271, 272)",0.04202,0.0497,0.02358,0.00332
1187,"(272, 888)",0.04164,0.04835,0.02304,0.00166
1188,"(888, 299)",0.04164,0.04835,0.02253,0.00249
1189,"(299, 189)",0.03009,0.0343,0.02204,0.00249
1190,"(299, 190)",0.01155,0.01322,0.02204,0.00166
1191,"(269, 271)",0.00716,0.0081,0.02389,0.00166
1192,"(272, 270)",0.00038,0.00052,0.02304,0.00166
1193,"(266, 265)",0.00358,0.00442,0.02304,0.00166
1194,"(267, 268)",0.00038,0.00051,0.02224,0.00166
1195,"(264, 262)",0.00356,0.0044,0.02224,0.00166
1196,"(261, 263)",0.00039,0.00052,0.0215,0.00166
1197,"(826, 827)",0.03543,0.03264,0.02034,0.00166
1198,"(827, 284)",0.03543,0.03264,0.01994,0.00166
1199,"(284, 830)",0.03543,0.03264,0.01956,0.00166
1200,"(830, 831)",0.03543,0.03264,0.0192,0.00166
1201,"(832, 829)",0.03819,0.03598,0.01849,0.00166
1202,"(829, 283)",0.03819,0.03598,0.01816,0.00166
1203,"(283, 828)",0.03819,0.03598,0.01785,0.00166
1204,"(828, 825)",0.03819,0.03598,0.01754,0.00166
1205,"(285, 286)",0.00111,0.00135,0.01882,0.00166
1206,"(287, 288)",0.02193,0.01925,0.01932,0.00166
