,Nodo,Conections,DiBC,DiCC,DiDC,BC,CC,DC,state RW,state_RW_UL,state_RWM,state_RWM_UL,MaxOcupation
0,0,"(0, 3)",0.0170933394342937,0.0568335588633288,0.0059523809523809,0.0054283356567423,0.0666666666666666,0.0059523809523809,4,8,2,5,14
1,1,"(3, 6)",0.013113251706691,0.0538174052322477,0.0039682539682539,0.0075373994123809,0.0691452874193991,0.0039682539682539,2,1,0,0,182
2,2,"(6, 7)",0.043332217920403,0.0622222222222222,0.0079365079365079,0.0202242647539408,0.0737920937042459,0.0079365079365079,11,14,1,20,22
3,3,"(3, 2)",0.001992016157026,0.0537944284341978,0.0059523809523809,0.0024888487057076,0.0664819944598338,0.0059523809523809,6,2,0,1,6
4,4,"(2, 12)",0.022312402981957,0.0622375895282785,0.0079365079365079,0.0262843582402091,0.0699417152373022,0.0079365079365079,10,8,2,197,197
5,5,"(12, 13)",0.0139449161042813,0.060236643958408,0.0079365079365079,0.0164273101876762,0.067370672370004,0.0079365079365079,8,8,0,7,8
6,6,"(13, 17)",0.0138152049531984,0.0610391183238464,0.0079365079365079,0.0126498054642463,0.0668080593849416,0.0079365079365079,53,52,0,54,54
7,7,"(16, 14)",0.004376424747058,0.0521415270018622,0.0039682539682539,0.0020300305464918,0.0611427878199684,0.0039682539682539,7,11,0,17,56
8,8,"(14, 15)",0.0155287098272045,0.0576791027695124,0.0079365079365079,0.0066967308881375,0.0632133450395083,0.0079365079365079,7,7,0,6,7
9,9,"(15, 1)",0.0075653223516046,0.054574986464537,0.0039682539682539,0.003406670852111,0.063237139272271,0.0039682539682539,12,26,0,194,197
10,10,"(1, 0)",0.0170933394342937,0.060236643958408,0.0059523809523809,0.0053005828378708,0.0655141037306642,0.0059523809523809,6,6,3,6,6
11,11,"(5, 4)",0.0295966078059233,0.0659513216435488,0.0079365079365079,0.0351641868912878,0.0747109398161873,0.0079365079365079,8,7,0,0,20
12,12,"(4, 2)",0.0278603323370435,0.065977222149496,0.0079365079365079,0.0333569554952121,0.0726958026828212,0.0079365079365079,14,9,0,81,182
13,13,"(2, 1)",0.0075399455121125,0.0622222222222222,0.0059523809523809,0.0056498840417612,0.0679245283018867,0.0059523809523809,15,16,0,16,16
14,14,"(7, 5)",0.0058964634511354,0.0585978374607603,0.0059523809523809,0.0081339201994358,0.0754716981132075,0.0059523809523809,7,3,0,6,16
15,15,"(5, 11)",0.0312438183289163,0.0659685863874345,0.0079365079365079,0.0572498250324059,0.0795203534237929,0.0079365079365079,6,11,0,1,196
16,16,"(11, 9)",0.023623283904207,0.0659599528857479,0.0079365079365079,0.0482590271915209,0.0772295433650015,0.0079365079365079,8,14,0,20,28
17,17,"(8, 10)",0.0483421949065587,0.0667372881355932,0.0079365079365079,0.0189890048300385,0.0741831027377097,0.0079365079365079,21,28,0,27,28
18,18,"(10, 4)",0.0264946191742556,0.0626009191404794,0.0059523809523809,0.0088172575536465,0.0727692751949177,0.0059523809523809,14,16,2,0,196
19,19,"(4, 6)",0.0282308946431354,0.0659599528857479,0.0059523809523809,0.0061393341677426,0.0726748377793799,0.0059523809523809,6,10,1,1,14
20,20,"(9, 25)",0.0432581474661993,0.0694310511089681,0.0079365079365079,0.0726052115000483,0.077634011090573,0.0079365079365079,25,29,0,174,174
21,21,"(24, 8)",0.0328189699328935,0.061053906723198,0.0059523809523809,0.0116654936331664,0.0711161281219133,0.0059523809523809,20,27,0,174,174
22,22,"(15, 12)",0.0059753159050233,0.0545513583721181,0.0059523809523809,0.0047212073848921,0.0654460459680561,0.0059523809523809,5,7,0,4,9
23,23,"(12, 24)",0.014342802782699,0.0602510460251046,0.0079365079365079,0.0123789838188374,0.0697288323187603,0.0079365079365079,25,22,1,88,89
24,24,"(24, 25)",0.0087441526201821,0.0610391183238464,0.0079365079365079,0.0104646573373973,0.0698447893569844,0.0079365079365079,9,9,0,9,9
25,25,"(26, 27)",0.0222554105382137,0.0652934317916828,0.0079365079365079,0.0159849577213764,0.0704500978473581,0.0079365079365079,9,9,0,9,9
26,26,"(27, 13)",0.009034502358487,0.0617344439000489,0.0079365079365079,0.0078730395058491,0.0662721893491124,0.0079365079365079,88,89,0,88,89
27,27,"(13, 14)",0.0091642135095699,0.0610391183238464,0.0059523809523809,0.0038939204377955,0.0655226209048362,0.0059523809523809,9,9,2,8,9
28,28,"(19, 16)",0.0108549759643199,0.054967826371469,0.0059523809523809,0.0018375082957509,0.0601791044776119,0.0059523809523809,7,5,0,6,7
29,29,"(17, 18)",0.0042047413177773,0.0576791027695124,0.0059523809523809,0.003985284572197,0.06351606805293,0.0059523809523809,10,10,0,8,10
30,30,"(16, 17)",0.0044904796466852,0.0521199586349534,0.0059523809523809,0.002400619978328,0.0620460421026714,0.0059523809523809,5,8,0,3,16
31,31,"(17, 20)",0.0141009432821062,0.0576791027695124,0.0079365079365079,0.0096244563699052,0.0660031430068098,0.0079365079365079,60,66,1,174,178
32,32,"(23, 18)",0.0046621630759659,0.0588853838065194,0.0039682539682539,0.0044828192954957,0.0626865671641791,0.0039682539682539,176,160,0,173,178
33,33,"(18, 19)",0.0108549759643199,0.0581449007844946,0.0059523809523809,0.0036464252305233,0.0617344439000489,0.0059523809523809,16,16,1,16,16
34,34,"(20, 21)",0.0130611793234271,0.0581449007844946,0.0079365079365079,0.0102790724751154,0.06667548617542,0.0079365079365079,18,18,1,18,18
35,35,"(22, 23)",0.0196098822785132,0.0625155048375093,0.0079365079365079,0.0155304022781644,0.0665522250099036,0.0079365079365079,14,14,0,14,14
36,36,"(25, 26)",0.0289289328754159,0.0667372881355932,0.0079365079365079,0.0484867834339188,0.0742815033161385,0.0079365079365079,16,15,0,16,16
37,37,"(26, 21)",0.0219754329582693,0.0652934317916828,0.0079365079365079,0.0324378623480498,0.0719897157548921,0.0079365079365079,112,111,0,112,112
38,38,"(23, 20)",0.0129596476319708,0.058857876912297,0.0059523809523809,0.0036612524066802,0.0650154798761609,0.0059523809523809,11,17,0,0,18
39,39,"(20, 27)",0.0139994115906498,0.0581449007844946,0.0079365079365079,0.0064203434799157,0.0661938534278959,0.0079365079365079,81,109,0,112,112
40,40,"(27, 24)",0.0272203197703765,0.0617344439000489,0.0079365079365079,0.0087678524291031,0.0683111954459203,0.0079365079365079,14,14,1,14,14
41,41,"(21, 22)",0.0052459652857267,0.0617344439000489,0.0059523809523809,0.0089499467087901,0.0684503599076463,0.0059523809523809,18,18,0,18,18
42,42,"(21, 32)",0.0297906469959699,0.0617344439000489,0.0079365079365079,0.027771761235175,0.0707865168539325,0.0079365079365079,130,130,1,126,130
43,43,"(32, 33)",0.0360149847004744,0.0625155048375093,0.0079365079365079,0.0279927071823266,0.0705684682161859,0.0079365079365079,15,16,1,12,16
44,44,"(34, 35)",0.020623065245805,0.0616664627431787,0.0079365079365079,0.0165068873905184,0.0658995815899581,0.0079365079365079,16,16,0,15,16
45,45,"(35, 22)",0.0123758454222101,0.0584009269988412,0.0059523809523809,0.0130946608632093,0.0658565268522148,0.0059523809523809,93,92,0,129,132
46,46,"(29, 30)",0.0131228645463901,0.0613138686131386,0.0059523809523809,0.0112322139945836,0.0714184497661895,0.0059523809523809,5,8,0,3,8
47,47,"(30, 33)",0.018023925702582,0.0638055450056969,0.0079365079365079,0.014695555484427,0.0710059171597633,0.0079365079365079,49,51,0,50,58
48,48,"(33, 34)",0.0180163944537927,0.0609579100145137,0.0079365079365079,0.0165647644077683,0.0678422398707766,0.0079365079365079,10,10,0,9,10
49,49,"(34, 37)",0.0216908188653801,0.061681556725003,0.0079365079365079,0.0204290530635151,0.0656934306569343,0.0079365079365079,51,51,1,51,51
50,50,"(37, 38)",0.0078765877899646,0.0583738707435719,0.0059523809523809,0.00560444755448,0.061832903938167,0.0059523809523809,8,8,0,8,8
51,51,"(39, 36)",0.0127848742766379,0.0528523489932885,0.0059523809523809,0.007503545385272,0.0603520536462699,0.0059523809523809,6,6,0,2,7
52,52,"(36, 35)",0.0100433866941961,0.0502342270507325,0.0059523809523809,0.0106332610978127,0.0635240736072599,0.0059523809523809,7,3,0,27,52
53,53,"(35, 32)",0.0182906065177909,0.0583738707435719,0.0079365079365079,0.0154812253056528,0.067316682249232,0.0079365079365079,8,8,0,8,8
54,54,"(32, 31)",0.0120662688132866,0.0625155048375093,0.0079365079365079,0.0123576844031702,0.0684410646387832,0.0079365079365079,57,57,1,58,58
55,55,"(31, 28)",0.0076172167161942,0.0609579100145137,0.0059523809523809,0.0046687242287498,0.0697867626696206,0.0059523809523809,8,8,0,5,8
56,56,"(25, 28)",0.0230733672109656,0.0667726550079491,0.0059523809523809,0.0255949030291918,0.0741940232592374,0.0059523809523809,63,63,0,63,63
57,57,"(28, 29)",0.0326786554977364,0.0652934317916828,0.0079365079365079,0.02521590332455,0.0737381126554498,0.0079365079365079,7,8,0,6,8
58,58,"(30, 31)",0.0108528585239747,0.0638055450056969,0.0079365079365079,0.0075222565784725,0.0693069306930693,0.0079365079365079,8,9,0,7,9
59,59,"(31, 26)",0.0153019106210671,0.0609579100145137,0.0079365079365079,0.0133710487344616,0.069526831287074,0.0079365079365079,63,60,0,64,64
60,60,"(36, 37)",0.0007534160118653,0.0502142074324997,0.0059523809523809,0.0006380458036736,0.0589198036006546,0.0059523809523809,8,8,0,3,8
61,61,"(37, 40)",0.0145676470872807,0.0583873957367933,0.0059523809523809,0.0074716366827729,0.0621378375046233,0.0059523809523809,57,57,0,57,57
62,62,"(40, 41)",0.0250639568327384,0.0557830658550083,0.0079365079365079,0.0134811690305722,0.0611353711790393,0.0079365079365079,8,8,0,7,8
63,63,"(42, 43)",0.0067271634741813,0.0540482573726541,0.0079365079365079,0.0031218312181117,0.0571493366594852,0.0079365079365079,8,8,1,8,8
64,64,"(43, 38)",0.0029202149160967,0.0514180779432768,0.0059523809523809,0.0049175572195253,0.0562814070351758,0.0059523809523809,55,55,0,53,55
65,65,"(38, 39)",0.0127848742766379,0.0557830658550083,0.0059523809523809,0.0070627950293198,0.0590578861026482,0.0059523809523809,8,8,0,8,8
66,66,"(41, 42)",0.0050324955967189,0.0528523489932885,0.0059523809523809,0.0022866399717112,0.0579376939878146,0.0059523809523809,6,7,0,5,7
67,67,"(42, 45)",0.0117581313219525,0.0540482573726541,0.0079365079365079,0.0062141764516369,0.05687845615619,0.0079365079365079,61,61,0,61,61
68,68,"(45, 46)",0.0040083416284238,0.0513971038139914,0.0059523809523809,0.0017150694634564,0.0539152759948652,0.0059523809523809,8,8,1,8,8
69,69,"(47, 44)",0.0101849222127552,0.0468575678690963,0.0059523809523809,0.0016363929131507,0.0525711901533326,0.0059523809523809,7,7,6,7,7
70,70,"(44, 43)",0.0047012896167965,0.0447880565182617,0.0059523809523809,0.0038524093782098,0.0552268244575936,0.0059523809523809,44,55,0,52,62
71,71,"(43, 40)",0.0085082381748811,0.0513971038139914,0.0059523809523809,0.0043410890836221,0.0578446000229542,0.0059523809523809,7,7,0,7,7
72,72,"(44, 45)",0.003495561025382,0.0447721417784489,0.0059523809523809,0.0018019417121603,0.0541935483870967,0.0059523809523809,7,8,0,6,14
73,73,"(45, 52)",0.0112453507189106,0.0513971038139914,0.0079365079365079,0.00646680473622,0.0571493366594852,0.0079365079365079,161,153,0,165,166
74,74,"(52, 53)",0.0008086402221591,0.0491467576791808,0.0079365079365079,0.0021268210559923,0.0563947633434038,0.0079365079365079,28,28,6,27,28
75,75,"(54, 55)",0.0311731040173346,0.0531253293981237,0.0079365079365079,0.0072372492667045,0.0563317313065832,0.0079365079365079,24,24,9864,24,24
76,76,"(55, 46)",0.0041885090137548,0.0504807692307692,0.0039682539682539,0.0020082853129062,0.0535145466128689,0.0039682539682539,163,161,0,153,164
77,77,"(46, 47)",0.0101849222127552,0.0491467576791808,0.0059523809523809,0.0007222293077051,0.0516234763904537,0.0059523809523809,12,12,12,10,12
78,78,"(41, 48)",0.0180433896654429,0.052863436123348,0.0059523809523809,0.0119616554395181,0.0636926576519651,0.0059523809523809,6,9,0,93,101
79,79,"(48, 49)",0.0024338098393764,0.0540482573726541,0.0079365079365079,0.0049520299997799,0.0628977910894796,0.0079365079365079,14,14,0,14,14
80,80,"(50, 51)",0.0395853497355441,0.0585433848298292,0.0079365079365079,0.0181345230623382,0.0629449231922068,0.0079365079365079,13,13,0,13,13
81,81,"(51, 42)",0.0134527991994149,0.0558882235528942,0.0079365079365079,0.0133919249378676,0.0595744680851063,0.0079365079365079,101,100,0,99,101
82,82,"(49, 50)",0.0258042867894774,0.0619164619164619,0.0079365079365079,0.0240575089089746,0.0658995815899581,0.0079365079365079,14,14,0,14,14
83,83,"(50, 53)",0.0121476599553685,0.0585705984892504,0.0079365079365079,0.015260734433999,0.0621838371375694,0.0079365079365079,124,124,0,124,124
84,84,"(53, 54)",0.0116993335711101,0.0558882235528942,0.0059523809523809,0.0066844291757814,0.0587549545348566,0.0059523809523809,16,16,0,16,16
85,85,"(55, 52)",0.024996523433003,0.0504605526631958,0.0059523809523809,0.0032361664927339,0.0570846075433231,0.0059523809523809,16,16,1,9,16
86,86,"(52, 51)",0.0354332339297548,0.0491467576791808,0.0079365079365079,0.015586989567928,0.0603303806559731,0.0079365079365079,119,123,0,124,124
87,87,"(51, 48)",0.0615657844658839,0.0558882235528942,0.0079365079365079,0.0221516608779181,0.0637893937476268,0.0079365079365079,16,14,0,13,16
88,88,"(33, 64)",0.0360225159492634,0.0609579100145137,0.0079365079365079,0.0250856680001123,0.0714792228052758,0.0079365079365079,36,43,0,376,382
89,89,"(67, 34)",0.0242974896573925,0.061931678545097,0.0079365079365079,0.0271598276802532,0.0673076923076923,0.0079365079365079,376,378,0,376,378
90,90,"(64, 65)",0.0789601891016616,0.0616664627431787,0.0079365079365079,0.0409351339077238,0.0738786279683377,0.0079365079365079,26,23,0,25,26
91,91,"(66, 67)",0.0353119405819673,0.0643595964755459,0.0079365079365079,0.0262070545301318,0.0702830846464928,0.0079365079365079,23,19,0,24,26
92,92,"(49, 60)",0.0037021057893442,0.061931678545097,0.0079365079365079,0.0081624522512181,0.0657791699295223,0.0079365079365079,53,53,1,53,53
93,93,"(60, 61)",0.0017910167924368,0.0630709548241772,0.0059523809523809,0.0041320175728274,0.0671373384840815,0.0059523809523809,7,6,1,7,7
94,94,"(62, 63)",0.0161353303575341,0.0606571187868576,0.0059523809523809,0.0146632981914079,0.0660983606557377,0.0059523809523809,3,3,0,6,7
95,95,"(63, 50)",0.0259287229014349,0.0595181861124232,0.0079365079365079,0.01569780060723,0.0644007155635062,0.0079365079365079,52,52,0,52,54
96,96,"(65, 68)",0.0885656827070248,0.0649819494584837,0.0079365079365079,0.0485641730933082,0.0769818237360623,0.0079365079365079,43,50,0,6,108
97,97,"(68, 69)",0.0825344301054326,0.0610687022900763,0.0059523809523809,0.0543642374914056,0.0796208530805687,0.0059523809523809,18,18,1,12,18
98,98,"(69, 70)",0.0020987387495481,0.0576,0.0059523809523809,0.0080263498853149,0.0753250635181587,0.0059523809523809,8,8,0,2,8
99,99,"(70, 61)",0.0191776500516346,0.0667815025838081,0.0059523809523809,0.0351565833380672,0.0736303871439006,0.0059523809523809,65,60,0,65,65
100,100,"(61, 62)",0.0229567384146482,0.064516129032258,0.0079365079365079,0.0330305643289125,0.0694789081885856,0.0079365079365079,8,8,0,8,8
101,101,"(62, 57)",0.0048333364865373,0.0606863335340156,0.0039682539682539,0.0094502200724014,0.0651920838183934,0.0039682539682539,60,49,0,59,60
102,102,"(57, 58)",0.0075727090192924,0.0581314878892733,0.0059523809523809,0.0064282222601499,0.0615534929164631,0.0059523809523809,7,7,1,7,7
103,103,"(53, 56)",0.0012569666064175,0.0559006211180124,0.0079365079365079,0.0044931510198278,0.0587823652904128,0.0079365079365079,110,110,0,110,110
104,104,"(56, 57)",0.0007513009621785,0.0569169960474308,0.0059523809523809,0.0024451654768002,0.0599215313280228,0.0059523809523809,16,16,1,16,16
105,105,"(59, 54)",0.0174856988756477,0.0540077153879125,0.0059523809523809,0.0037529010526771,0.0574162679425837,0.0059523809523809,110,109,0,110,110
106,106,"(58, 59)",0.0075727090192924,0.0549798189156757,0.0039682539682539,0.0018637235042426,0.0587070471753057,0.0039682539682539,15,12,0,16,16
107,107,"(68, 71)",0.0040431810310159,0.061053906723198,0.0059523809523809,0.0065924224860417,0.0729377713458755,0.0059523809523809,8,6,0,6,8
108,108,"(71, 60)",0.0153015561885332,0.0654545454545454,0.0079365079365079,0.0251892628677037,0.0714285714285714,0.0079365079365079,65,65,0,65,65
109,109,"(60, 63)",0.0172126451854406,0.063055173276617,0.0079365079365079,0.0201333819023181,0.0674247491638796,0.0079365079365079,8,8,0,8,8
110,110,"(63, 56)",0.0074192526415399,0.0595463137996219,0.0079365079365079,0.0125124392251077,0.0634600856207504,0.0079365079365079,59,60,0,60,60
111,111,"(56, 59)",0.0079249182857789,0.0569041436152196,0.0059523809523809,0.0053940880214656,0.0599500416319733,0.0059523809523809,8,8,0,8,8
112,112,"(48, 67)",0.0771753642919504,0.0540598519789767,0.0079365079365079,0.0367527987710344,0.0674698795180722,0.0079365079365079,17,26,0,123,128
113,113,"(66, 49)",0.0270725827394452,0.0643924875431199,0.0079365079365079,0.0335541361325784,0.0698157639562266,0.0079365079365079,129,130,0,130,130
114,114,"(65, 66)",0.0269628981040876,0.0649651972157772,0.0079365079365079,0.0299884235613302,0.0724762726488352,0.0079365079365079,18,17,0,18,18
115,115,"(67, 64)",0.0881898152165248,0.0619164619164619,0.0079365079365079,0.0361511415026159,0.0710960643250105,0.0079365079365079,18,16,0,15,18
116,116,"(70, 71)",0.0466800003748422,0.066746126340882,0.0079365079365079,0.0576561547133962,0.0745451856234284,0.0079365079365079,15,11,1,15,16
117,117,"(71, 66)",0.0354216252173249,0.0654205607476635,0.0079365079365079,0.0346208630732039,0.0723098995695839,0.0079365079365079,24,25,0,106,106
118,118,"(69, 112)",0.0784476197853079,0.0576,0.0059523809523809,0.0570891634851446,0.0832920178482895,0.0059523809523809,5,9,0,1,92
119,119,"(115, 70)",0.0637589116769286,0.0668257756563245,0.0059523809523809,0.0896012497686429,0.0778258184064237,0.0059523809523809,15,6,0,94,94
120,120,"(29, 72)",0.0175677193807696,0.0613437195715676,0.0059523809523809,0.0093552825297558,0.0744240992321323,0.0059523809523809,6,5,0,3,193
121,121,"(72, 73)",0.0057085836195109,0.0638055450056969,0.0059523809523809,0.005560162564069,0.0740196798355118,0.0059523809523809,13,11,0,12,13
122,122,"(74, 75)",0.0167941054193015,0.0662199448167126,0.0059523809523809,0.0117117442552816,0.0740414279418246,0.0059523809523809,10,10,1,4,13
123,123,"(75, 30)",0.0157539196801665,0.0649651972157772,0.0079365079365079,0.0129443598509356,0.0709459459459459,0.0079365079365079,31,39,0,190,192
124,124,"(64, 75)",0.0452521420641273,0.0616664627431787,0.0079365079365079,0.0246148029506789,0.0724762726488352,0.0079365079365079,30,39,0,159,160
125,125,"(75, 72)",0.0462923278032623,0.0649651972157772,0.0079365079365079,0.0225148633090981,0.0738353354819806,0.0079365079365079,8,15,0,15,16
126,126,"(72, 79)",0.0581514635645208,0.0638378720709309,0.0059523809523809,0.0291460227989562,0.0774074642911995,0.0059523809523809,23,16,1,26,26
127,127,"(79, 76)",0.0820282365963639,0.070886075949367,0.0079365079365079,0.0470118719650311,0.0813165537270087,0.0079365079365079,14,14,0,13,14
128,128,"(76, 83)",0.0385942692638235,0.066254765347706,0.0059523809523809,0.0270605208190671,0.0794701986754966,0.0059523809523809,6,8,0,3,140
129,129,"(83, 80)",0.0306979343197747,0.0704304080491894,0.0079365079365079,0.0156561018330022,0.0800381133873273,0.0079365079365079,7,4,0,0,22
130,130,"(81, 82)",0.0447966248699476,0.0735229759299781,0.0079365079365079,0.0454450423431746,0.0854526958290946,0.0079365079365079,10,13,1,4,22
131,131,"(82, 77)",0.0471068560611058,0.0704697986577181,0.0079365079365079,0.0476137655183337,0.0846489754786698,0.0079365079365079,3,14,0,0,142
132,132,"(77, 78)",0.0300743024872641,0.0704304080491894,0.0079365079365079,0.0302565244604665,0.0814611281719735,0.0079365079365079,12,14,0,11,16
133,133,"(78, 73)",0.0476539135092419,0.0712972131843259,0.0059523809523809,0.0510860278513059,0.0814874696847211,0.0059523809523809,24,22,0,23,24
134,134,"(73, 74)",0.0553505686993295,0.070886075949367,0.0079365079365079,0.0507555985593319,0.0781153130812151,0.0079365079365079,15,16,1,15,16
135,135,"(74, 65)",0.0365683917094512,0.066254765347706,0.0059523809523809,0.0315443714359789,0.0756189047261815,0.0059523809523809,9,10,0,0,164
136,136,"(76, 77)",0.0414458957619635,0.0662199448167126,0.0059523809523809,0.0204531657781623,0.0830176247735134,0.0059523809523809,6,10,0,0,13
137,137,"(77, 108)",0.0584784493358052,0.0704500978473581,0.0079365079365079,0.0417848251869912,0.0866277071158473,0.0079365079365079,10,5,0,0,134
138,138,"(108, 109)",0.0295359205601325,0.0712568924077477,0.0079365079365079,0.0243897468924411,0.0857872340425531,0.0079365079365079,6,7,0,0,7
139,139,"(110, 111)",0.0427557427835966,0.0738678000879378,0.0079365079365079,0.0409000039793479,0.0863753213367609,0.0079365079365079,8,7,0,0,9
140,140,"(111, 78)",0.0394683124832437,0.0727482678983833,0.0079365079365079,0.0464215009956009,0.0841121495327102,0.0079365079365079,9,21,0,1,133
141,141,"(78, 79)",0.021888701461266,0.0712568924077477,0.0059523809523809,0.0187113164569659,0.0807562890562409,0.0059523809523809,13,12,0,12,13
142,142,"(109, 110)",0.0524478966346517,0.0740523067881281,0.0079365079365079,0.0650338230562845,0.0883900385829533,0.0079365079365079,2,4,0,1,9
143,143,"(110, 113)",0.0441036110969344,0.0738678000879378,0.0079365079365079,0.0574421244935735,0.0868217054263565,0.0079365079365079,10,10,0,1,132
144,144,"(113, 114)",0.0271608598790306,0.0727062896710906,0.0059523809523809,0.0379557423944051,0.0830039525691699,0.0059523809523809,6,5,1,6,8
145,145,"(115, 112)",0.0156409461187933,0.0667549668874172,0.0059523809523809,0.0151950316084676,0.0828266228430567,0.0059523809523809,6,5,0,0,7
146,146,"(112, 111)",0.0385781511030021,0.06667548617542,0.0079365079365079,0.0446934723505787,0.0853658536585365,0.0079365079365079,2,4,1,0,131
147,147,"(111, 108)",0.0418655814033547,0.0727062896710906,0.0079365079365079,0.0392465784378621,0.0861833105335157,0.0079365079365079,7,7,0,2,9
148,148,"(112, 113)",0.0555104148010992,0.0666402221340737,0.0079365079365079,0.037332599991017,0.082004555808656,0.0079365079365079,11,3,0,0,18
149,149,"(113, 116)",0.0724531660190033,0.0727062896710906,0.0079365079365079,0.0557277806731597,0.0847486127459223,0.0079365079365079,3,4,0,4,230
150,150,"(117, 114)",0.0522389979166911,0.0643595964755459,0.0039682539682539,0.0546806532810241,0.0790836340812804,0.0039682539682539,9,4,0,228,228
151,151,"(114, 115)",0.0813879293662983,0.0714995034756703,0.0079365079365079,0.0988021684193994,0.0816723383568303,0.0079365079365079,15,19,1,18,20
152,152,"(116, 124)",0.0695368557136936,0.0714995034756703,0.0079365079365079,0.0553190058162308,0.0825012276968407,0.0079365079365079,8,8,0,0,94
153,153,"(124, 126)",0.0689081700900668,0.0705981229864126,0.0079365079365079,0.0539625263225446,0.0813428018076178,0.0079365079365079,13,8,1,11,214
154,154,"(129, 125)",0.0516365223669983,0.064113980409617,0.0039682539682539,0.051395326370562,0.0770053475935828,0.0039682539682539,8,4,0,217,220
155,155,"(125, 117)",0.067567125807538,0.0687210253613307,0.0079365079365079,0.0612876201952604,0.0778138026864289,0.0079365079365079,15,21,5,96,96
156,156,"(109, 118)",0.0227069555456377,0.074095854160541,0.0059523809523809,0.018993547166571,0.0865533230293663,0.0059523809523809,6,5,0,15,64
157,157,"(119, 110)",0.0344114572458792,0.0690410958904109,0.0079365079365079,0.0324998738124079,0.0839021142000998,0.0079365079365079,10,10,0,1,66
158,158,"(118, 120)",0.0291169836611472,0.0738678000879378,0.0079365079365079,0.020038051484529,0.0841964584029402,0.0079365079365079,13,12,0,26,27
159,159,"(121, 119)",0.0225770471652323,0.0683204554697031,0.0079365079365079,0.020506986068925,0.0800508259212198,0.0079365079365079,6,7,0,0,27
160,160,"(117, 116)",0.0133400563202702,0.0643267389917039,0.0059523809523809,0.0098434347565927,0.0797847079309799,0.0059523809523809,6,11,2,0,16
161,161,"(116, 119)",0.0162563666255799,0.0714995034756703,0.0079365079365079,0.0139672901557983,0.0817783546973876,0.0079365079365079,11,9,0,1,338
162,162,"(119, 118)",0.0044219565449329,0.0690410958904109,0.0059523809523809,0.0042356106365912,0.0818846466287571,0.0059523809523809,13,4,0,8,14
163,163,"(120, 121)",0.0117652174631725,0.068814855270344,0.0059523809523809,0.0066622921905368,0.0811202317720907,0.0059523809523809,3,6,0,2,16
164,164,"(121, 122)",0.0097841710132252,0.0683204554697031,0.0079365079365079,0.008681975185598,0.0797847079309799,0.0079365079365079,10,8,0,0,260
165,165,"(122, 123)",0.0014690860881573,0.064008128016256,0.0039682539682539,0.0014906113953206,0.0779461800185586,0.0039682539682539,4,4,0,1,16
166,166,"(123, 124)",0.0133138462463364,0.0681818181818181,0.0079365079365079,0.0099288982157643,0.0780790085205267,0.0079365079365079,9,14,0,100,100
167,167,"(124, 125)",0.0139425318699631,0.0705981229864126,0.0059523809523809,0.0089893712033735,0.0790464240903387,0.0059523809523809,4,6,1,12,16
168,168,"(122, 130)",0.0063270133544913,0.0639756283320639,0.0059523809523809,0.0074891982883391,0.0801271860095389,0.0059523809523809,3,3,0,2,102
169,169,"(130, 131)",0.0162147579376349,0.0681818181818181,0.0079365079365079,0.0157069704261905,0.0812510075769788,0.0079365079365079,5,5,1,4,8
170,170,"(132, 133)",0.0208947778900344,0.0687960687960688,0.0079365079365079,0.0113475231515544,0.0797847079309799,0.0079365079365079,6,8,0,2,8
171,171,"(133, 123)",0.0098566885876025,0.070440251572327,0.0059523809523809,0.0069167172892769,0.0773836941501612,0.0059523809523809,10,4,0,88,102
172,172,"(131, 156)",0.0177494556470699,0.0641466208476517,0.0079365079365079,0.0220355848051569,0.0820846905537459,0.0079365079365079,15,19,0,1,69
173,173,"(156, 157)",0.0287155374630523,0.0687960687960688,0.0079365079365079,0.033538231853582,0.0833471142715396,0.0079365079365079,5,4,0,2,5
174,174,"(157, 160)",0.0478732245604227,0.0729166666666666,0.0079365079365079,0.0416554494208056,0.0861096873398257,0.0079365079365079,28,21,0,2,28
175,175,"(160, 161)",0.0175278027601586,0.0710259301014656,0.0079365079365079,0.0133838279145322,0.083072358661612,0.0079365079365079,5,4,0,0,5
176,176,"(162, 163)",0.0278106198337014,0.0686461454644511,0.0079365079365079,0.0150212080869544,0.0825147347740668,0.0079365079365079,4,3,0,2,4
177,177,"(163, 158)",0.0286345312405438,0.0692593101552837,0.0079365079365079,0.0163470547639351,0.0816591056383668,0.0079365079365079,18,23,0,4,29
178,178,"(158, 159)",0.0379902670055126,0.0710259301014656,0.0079365079365079,0.0201737091744257,0.0821515892420537,0.0079365079365079,5,4,0,2,5
179,179,"(159, 132)",0.0290142572289491,0.0713173906891184,0.0079365079365079,0.0170448251843256,0.08047261695673,0.0079365079365079,14,10,0,3,69
180,180,"(161, 176)",0.0101759811501362,0.070935960591133,0.0079365079365079,0.0108752766788726,0.0826907301066448,0.0079365079365079,10,12,0,7,74
181,181,"(176, 177)",0.0066111840493697,0.0686461454644511,0.0059523809523809,0.0088421011928703,0.0796837944664031,0.0059523809523809,7,7,0,7,7
182,182,"(178, 179)",0.0178101503315773,0.0667107875579086,0.0059523809523809,0.0087106819746108,0.0803699569446659,0.0059523809523809,5,3,0,0,7
183,183,"(179, 162)",0.0190277471192063,0.069060016442861,0.0079365079365079,0.0109120856153314,0.0803059273422562,0.0079365079365079,68,54,1,0,74
184,184,"(126, 127)",0.0600057878979586,0.0687210253613307,0.0079365079365079,0.0490767197385055,0.081146353244244,0.0079365079365079,12,8,0,12,18
185,185,"(127, 164)",0.0607358372156485,0.070440251572327,0.0079365079365079,0.0505309383940059,0.0816326530612244,0.0079365079365079,11,17,0,6,138
186,186,"(164, 165)",0.0532377635171584,0.0684410646387832,0.0079365079365079,0.0462959355335456,0.0820179007323026,0.0079365079365079,8,8,0,1,8
187,187,"(165, 168)",0.058978484534967,0.0713173906891184,0.0079365079365079,0.0520330671999794,0.083223249669749,0.0079365079365079,13,20,0,9,60
188,188,"(168, 169)",0.045868698429228,0.069078947368421,0.0079365079365079,0.0438546741273454,0.0802547770700636,0.0079365079365079,8,8,0,0,8
189,189,"(169, 172)",0.0483303487670147,0.0692593101552837,0.0079365079365079,0.0510054086837454,0.0799873036026027,0.0079365079365079,55,61,0,25,144
190,190,"(172, 173)",0.0424457663191924,0.0669678448046771,0.0079365079365079,0.0486714172158225,0.0770995869664983,0.0079365079365079,20,20,0,16,20
191,191,"(174, 175)",0.082945359454432,0.0666049953746531,0.0079365079365079,0.0538604676825715,0.0765724703737465,0.0079365079365079,12,16,1,16,16
192,192,"(175, 170)",0.0391797604080178,0.0625,0.0039682539682539,0.0367455573307347,0.0764215314632297,0.0039682539682539,16,33,0,98,150
193,193,"(170, 171)",0.0511904935000745,0.0669678448046771,0.0079365079365079,0.0444827964155913,0.0785658612626656,0.0079365079365079,8,9,0,10,10
194,194,"(171, 166)",0.0411264728619981,0.0628193942415555,0.0039682539682539,0.0404432001854945,0.0780185758513931,0.0039682539682539,15,14,0,4,56
195,195,"(166, 167)",0.0552506834506028,0.069078947368421,0.0079365079365079,0.0490225044356324,0.0787746170678337,0.0079365079365079,11,11,1,10,12
196,196,"(167, 128)",0.0459036167293289,0.0646734248684717,0.0039682539682539,0.0456600184785122,0.0778378378378378,0.0039682539682539,10,4,0,127,134
197,197,"(128, 129)",0.0595087288484423,0.0684410646387832,0.0079365079365079,0.053635205035131,0.0776699029126213,0.0079365079365079,14,13,0,18,18
198,198,"(173, 202)",0.0745086360146002,0.0690978886756238,0.0059523809523809,0.0955711200425795,0.0762135188265537,0.0059523809523809,32,32,0,30,32
199,199,"(202, 203)",0.0779364816392649,0.0666049953746531,0.0079365079365079,0.0933110076626347,0.0721030042918454,0.0079365079365079,9,9,3,10,10
200,200,"(203, 206)",0.0657713770288322,0.0625,0.0039682539682539,0.0813543377557331,0.0684131939731233,0.0039682539682539,21,38,0,23,44
201,201,"(206, 207)",0.0692978373147359,0.0604534005037783,0.0079365079365079,0.0801284009310442,0.0651920838183934,0.0079365079365079,11,12,2,5,12
202,202,"(208, 209)",0.0647276488461521,0.0554211568066857,0.0079365079365079,0.0412431388656311,0.0624225910329452,0.0079365079365079,12,12,2,11,12
203,203,"(209, 204)",0.0612011885602485,0.0525492649358773,0.0039682539682539,0.0414524487534758,0.0653442240373395,0.0039682539682539,42,34,0,37,42
204,204,"(204, 205)",0.0733662931706811,0.0604534005037783,0.0079365079365079,0.0467112503024107,0.0686742062951355,0.0079365079365079,10,10,0,10,10
205,205,"(205, 174)",0.0699384475460164,0.0570522979397781,0.0039682539682539,0.0457736060237143,0.0723618090452261,0.0039682539682539,5,15,0,24,32
206,206,"(207, 210)",0.0573220728538819,0.0570522979397781,0.0039682539682539,0.0696708677081404,0.0622837370242214,0.0039682539682539,216,225,0,2,226
207,207,"(210, 211)",0.0610378732893643,0.0554211568066857,0.0079365079365079,0.0687620314559451,0.0597085653358606,0.0079365079365079,14,14,0,3,14
208,208,"(212, 213)",0.0564676848207805,0.0513552068473609,0.0079365079365079,0.035172639556551,0.0574293527803099,0.0079365079365079,16,16,1,4,16
209,209,"(213, 208)",0.0527518843852981,0.0488798370672097,0.0039682539682539,0.0360365903275492,0.0597935698184838,0.0039682539682539,222,217,0,38,224
210,210,"(175, 172)",0.0417775274758377,0.0624690133862171,0.0059523809523809,0.0181646713958903,0.0772295433650015,0.0059523809523809,9,9,0,0,9
211,211,"(172, 179)",0.0476621099236596,0.0669678448046771,0.0079365079365079,0.0251383443248566,0.0804854679016288,0.0079365079365079,45,54,0,1,78
212,212,"(179, 176)",0.0464445131360306,0.069060016442861,0.0079365079365079,0.0268496862310504,0.0815270139113555,0.0079365079365079,8,8,0,3,8
213,213,"(177, 178)",0.0628799319354008,0.0714488233626311,0.0079365079365079,0.0682094427104904,0.0808080808080808,0.0079365079365079,9,9,0,9,9
214,214,"(178, 173)",0.0430817100332468,0.066746126340882,0.0059523809523809,0.058953461098867,0.0786516853932584,0.0059523809523809,16,11,0,8,78
215,215,"(173, 174)",0.011018840337839,0.069060016442861,0.0059523809523809,0.0072148904453447,0.0764911215662467,0.0059523809523809,10,10,0,10,10
216,216,"(176, 183)",0.0500093102367971,0.0686461454644511,0.0079365079365079,0.0322229678760596,0.0835543766578249,0.0079365079365079,10,15,1,3,129
217,217,"(182, 177)",0.0542806763154544,0.0715909090909091,0.0059523809523809,0.0600504812051792,0.0824607329842932,0.0059523809523809,129,129,0,128,129
218,218,"(120, 134)",0.0153636946273981,0.0688524590163934,0.0039682539682539,0.0105650083963752,0.0835682308074946,0.0039682539682539,83,93,0,0,101
219,219,"(135, 294)",0.0178092443073982,0.0640162580972945,0.0059523809523809,0.0248172744818964,0.0876826722338204,0.0059523809523809,2,3,0,1,66
220,220,"(134, 135)",0.0253579618284247,0.0683204554697031,0.0079365079365079,0.0212663094023489,0.0849199663016006,0.0079365079365079,8,8,0,4,8
221,221,"(297, 136)",0.0128669968097687,0.0643924875431199,0.0059523809523809,0.0064246177541319,0.0796208530805687,0.0059523809523809,26,20,2,1,69
222,222,"(136, 137)",0.0126653345234713,0.0659340659340659,0.0079365079365079,0.010202008020129,0.0807304180682364,0.0079365079365079,8,8,0,1,8
223,223,"(137, 121)",0.020596000715285,0.0641466208476517,0.0079365079365079,0.017968824325236,0.0799873036026027,0.0079365079365079,10,3,0,3,101
224,224,"(135, 136)",0.0055606459504499,0.0639756283320639,0.0059523809523809,0.0057263567537475,0.0820179007323026,0.0059523809523809,7,8,0,0,8
225,225,"(136, 131)",0.0057623082367473,0.0659340659340659,0.0079365079365079,0.006973991965578,0.0811332904056664,0.0079365079365079,19,5,0,0,140
226,226,"(131, 132)",0.0042276105273123,0.0641466208476517,0.0079365079365079,0.0041373272724151,0.0794326241134751,0.0079365079365079,6,4,0,0,7
227,227,"(133, 130)",0.0258246064054074,0.070440251572327,0.0079365079365079,0.0112573868090681,0.0809248554913294,0.0079365079365079,7,5,0,0,7
228,228,"(130, 137)",0.0159368618222637,0.0681818181818181,0.0079365079365079,0.0082406049578172,0.0809638554216867,0.0079365079365079,8,8,0,0,138
229,229,"(137, 134)",0.0080061956304501,0.0641466208476517,0.0059523809523809,0.0042635119975698,0.080846968238691,0.0059523809523809,8,8,0,5,8
230,230,"(132, 127)",0.0123470898662269,0.0687960687960688,0.0079365079365079,0.0094413677094324,0.0796586059743954,0.0079365079365079,4,10,0,6,70
231,231,"(127, 128)",0.0116170405485367,0.070440251572327,0.0059523809523809,0.007071801336125,0.0788979336255479,0.0059523809523809,7,5,0,8,8
232,232,"(129, 126)",0.0058841349108673,0.0640813731722822,0.0059523809523809,0.002531014561562,0.0773955773955774,0.0059523809523809,7,2,0,5,9
233,233,"(126, 133)",0.0147865171029755,0.0687210253613307,0.0079365079365079,0.0074574847842006,0.0801654207094003,0.0079365079365079,8,18,1,1,70
234,234,"(161, 162)",0.0212671845737615,0.070935960591133,0.0079365079365079,0.0137547100090473,0.0824337585868498,0.0079365079365079,9,8,0,2,9
235,235,"(162, 169)",0.0124843118592664,0.0686461454644511,0.0079365079365079,0.0118929745280782,0.0805626598465473,0.0079365079365079,56,65,1,4,68
236,236,"(169, 170)",0.01002266152148,0.0692593101552837,0.0059523809523809,0.0047018320683881,0.0783460282916213,0.0059523809523809,8,8,0,7,8
237,237,"(171, 168)",0.0080759490674997,0.0627880901955898,0.0059523809523809,0.0060890656598362,0.079721607086365,0.0059523809523809,8,7,0,0,8
238,238,"(168, 163)",0.0211857351732386,0.069078947368421,0.0079365079365079,0.0168720755641281,0.0830449826989619,0.0079365079365079,12,19,0,0,69
239,239,"(163, 160)",0.0203618237663962,0.0692593101552837,0.0079365079365079,0.0190539189932533,0.0840420210105052,0.0079365079365079,6,9,0,0,9
240,240,"(157, 158)",0.0272325958008054,0.0729061189064082,0.0079365079365079,0.020853008163803,0.0844645550527903,0.0079365079365079,6,9,0,8,9
241,241,"(158, 165)",0.0178768600358365,0.0710259301014656,0.0079365079365079,0.0150660753387249,0.0826636050516647,0.0079365079365079,10,18,0,17,70
242,242,"(165, 166)",0.012136139018028,0.0713173906891184,0.0059523809523809,0.0079943675481683,0.0801909307875895,0.0059523809523809,4,6,0,7,7
243,243,"(167, 164)",0.0073589951506972,0.0646402462485571,0.0059523809523809,0.0030100864419647,0.0778739184177997,0.0059523809523809,7,7,0,2,7
244,244,"(164, 159)",0.0148570688491875,0.0684410646387832,0.0079365079365079,0.0088743765128523,0.0808599390341729,0.0079365079365079,9,14,0,3,70
245,245,"(159, 156)",0.0238330786257511,0.0713173906891184,0.0079365079365079,0.0121874765250818,0.0818846466287571,0.0079365079365079,5,9,0,5,9
246,246,"(296, 157)",0.0463902828981756,0.0757097791798107,0.0099206349206349,0.0358571301980148,0.0868067516362383,0.0099206349206349,38,15,0,138,138
247,247,"(156, 297)",0.0128669968097687,0.0687960687960688,0.0059523809523809,0.0051586849557447,0.079696394686907,0.0059523809523809,17,8,0,4,140
248,248,"(10, 11)",0.0198595041617265,0.062585371911089,0.0059523809523809,0.0096320621715244,0.0757439134355275,0.0059523809523809,16,14,0,0,20
249,249,"(11, 80)",0.0274800385864359,0.065977222149496,0.0079365079365079,0.0206064285075492,0.0799873036026027,0.0079365079365079,12,8,0,0,530
250,250,"(80, 81)",0.0372881568516686,0.0693928128872366,0.0079365079365079,0.0249640631718944,0.0830449826989619,0.0079365079365079,6,5,0,2,26
251,251,"(82, 83)",0.0252736820210323,0.0704500978473581,0.0079365079365079,0.0300107504030061,0.0813822057161311,0.0079365079365079,7,12,0,1,26
252,252,"(83, 9)",0.0331700169650809,0.0704697986577181,0.0079365079365079,0.0402484792643058,0.07875,0.0079365079365079,14,8,0,530,530
253,253,"(9, 8)",0.0135351534030886,0.0693928128872366,0.0059523809523809,0.0089867429190434,0.0762250453720508,0.0059523809523809,11,15,0,18,18
254,254,"(81, 100)",0.0357661570260976,0.0735229759299781,0.0079365079365079,0.0192548418661454,0.0841823951895774,0.0079365079365079,14,6,0,2,222
255,255,"(103, 82)",0.0275839132121903,0.0707368421052631,0.0059523809523809,0.0277716133122303,0.085163906725245,0.0059523809523809,6,13,0,0,224
256,256,"(89, 90)",0.0039215763619342,0.0618936509885791,0.0059523809523809,0.0053498600382803,0.0789597368008773,0.0059523809523809,9,6,0,4,16
257,257,"(90, 87)",0.0142443822510935,0.0687772925764192,0.0099206349206349,0.0147318972774678,0.0819512195121951,0.0099206349206349,9,9,0,1,26
258,258,"(87, 85)",0.0133815697083605,0.0689560815433027,0.0079365079365079,0.0144587192628913,0.0830176247735134,0.0079365079365079,10,6,0,1,54
259,259,"(85, 81)",0.0432746250443761,0.0748663101604278,0.0099206349206349,0.040001729445744,0.0864049374249957,0.0099206349206349,12,13,0,3,106
260,260,"(80, 84)",0.0208898160545419,0.0694119267318551,0.0079365079365079,0.0122210669285093,0.0800889877641824,0.0079365079365079,12,11,0,2,106
261,261,"(84, 86)",0.0249447757897061,0.0734800991398163,0.0079365079365079,0.0132377404535703,0.0813428018076178,0.0079365079365079,13,10,0,2,56
262,262,"(86, 91)",0.0147088557092817,0.0705092333519865,0.0079365079365079,0.0101047084171746,0.0794451450189155,0.0079365079365079,10,9,0,3,14
263,263,"(91, 88)",0.013951816142245,0.0689938398357289,0.0059523809523809,0.0080551376169602,0.0777897823738231,0.0059523809523809,14,6,0,16,16
264,264,"(87, 96)",0.009110661052581,0.0689560815433027,0.0059523809523809,0.0048434741901434,0.08047261695673,0.0059523809523809,7,1,0,1,222
265,265,"(86, 87)",0.0115548583029412,0.0704697986577181,0.0099206349206349,0.0049873998264147,0.0794701986754966,0.0079365079365079,8,6,0,2,13
266,266,"(87, 86)",0.0013189382225167,0.0689372178908494,0.0079365079365079,0.0010203142712025,0.0778859527121001,0.0059523809523809,1,8,0,0,13
267,267,"(84, 85)",0.0035169744946796,0.0734586794927853,0.0079365079365079,0.0031864964762653,0.0810028929604628,0.0059523809523809,12,12,0,0,13
268,268,"(85, 84)",0.0075719342298439,0.0748440748440748,0.0099206349206349,0.0098048537504542,0.0825552825552825,0.0079365079365079,13,6,0,1,13
269,269,"(7, 88)",0.0354476828986911,0.0586251017796905,0.0039682539682539,0.018250332833019,0.0744240992321323,0.0039682539682539,6,6,0,21,532
270,270,"(88, 89)",0.0513875706115126,0.0659513216435488,0.0079365079365079,0.0319170814329676,0.0782973434829889,0.0079365079365079,17,15,0,24,26
271,271,"(90, 91)",0.0541869231166675,0.0687772925764192,0.0079365079365079,0.0783900382483824,0.0808729139922978,0.0079365079365079,8,8,0,0,28
272,272,"(91, 5)",0.0549439626837043,0.0690127344926742,0.0079365079365079,0.0821722979861313,0.0798605609253684,0.0079365079365079,11,10,0,1,534
273,273,"(99, 98)",0.0356730202930612,0.0734586794927853,0.0079365079365079,0.0468612641243069,0.0891562002476561,0.0079365079365079,7,4,0,0,28
274,274,"(98, 85)",0.0319599435006035,0.0765841057590032,0.0079365079365079,0.0371086882072873,0.0876826722338204,0.0079365079365079,8,8,0,2,220
275,275,"(89, 92)",0.0454779226790019,0.0619240692959823,0.0039682539682539,0.0312275404018474,0.0792826805096743,0.0039682539682539,7,8,1,56,268
276,276,"(92, 93)",0.0726573912192342,0.0687772925764192,0.0079365079365079,0.0520269430765419,0.0818979525511862,0.0079365079365079,19,20,3,23,26
277,277,"(94, 95)",0.0622418172022719,0.071136203246295,0.0079365079365079,0.082208615030311,0.0859774820880245,0.0079365079365079,5,7,0,0,36
278,278,"(95, 90)",0.064509729005827,0.0718870346598202,0.0079365079365079,0.0854094906731171,0.0848056537102473,0.0079365079365079,12,9,0,3,262
279,279,"(93, 94)",0.009732797470656,0.0643760378081491,0.0059523809523809,0.0076203402086018,0.0842950326141495,0.0059523809523809,6,10,0,0,14
280,280,"(94, 97)",0.0214114008706958,0.071136203246295,0.0079365079365079,0.018607754644797,0.0874089490114464,0.0079365079365079,4,10,0,1,196
281,281,"(97, 99)",0.0118262373744748,0.0664732260617251,0.0059523809523809,0.0146412317978331,0.0873332178132039,0.0059523809523809,6,5,0,0,54
282,282,"(99, 101)",0.031313940057691,0.0734372723298849,0.0079365079365079,0.030155244082663,0.0899518115295377,0.0079365079365079,5,4,0,0,108
283,283,"(100, 98)",0.0126474993575959,0.0704500978473581,0.0079365079365079,0.0098617785915284,0.0845779493203557,0.0079365079365079,11,8,0,1,104
284,284,"(98, 96)",0.0163605761500536,0.0766306826820738,0.0059523809523809,0.0146792522428792,0.0862127950735545,0.0059523809523809,5,2,0,0,56
285,285,"(96, 95)",0.027459308773211,0.072,0.0079365079365079,0.0192755254809237,0.0842809364548494,0.0079365079365079,17,10,1,88,170
286,286,"(95, 92)",0.0251913969696559,0.0718870346598202,0.0059523809523809,0.0158845593982188,0.0822588542516729,0.0059523809523809,13,5,1,21,22
287,287,"(101, 102)",0.0242449522688557,0.0765841057590032,0.0059523809523809,0.0227414701684706,0.0878661087866108,0.0059523809523809,7,4,0,1,26
288,288,"(103, 100)",0.0074806452291541,0.070716991721622,0.0059523809523809,0.0033314314492985,0.0836931252075722,0.0059523809523809,7,2,0,0,28
289,289,"(100, 101)",0.0305993028976556,0.0704500978473581,0.0079365079365079,0.0140464469710384,0.0853803150940199,0.0079365079365079,4,7,0,1,28
290,290,"(101, 104)",0.037668290686491,0.0766073871409028,0.0059523809523809,0.0171630614545939,0.0884520884520884,0.0059523809523809,11,5,0,1,22
291,291,"(104, 105)",0.1073032808554204,0.0760639903410805,0.0079365079365079,0.0748670441852083,0.0922401171303074,0.0079365079365079,10,16,0,0,16
292,292,"(106, 107)",0.0076584145918141,0.0718870346598202,0.0079365079365079,0.009779457299351,0.0866277071158473,0.0079365079365079,4,8,0,1,16
293,293,"(107, 102)",0.0108196061724888,0.074074074074074,0.0059523809523809,0.0129382264772327,0.0854092526690391,0.0059523809523809,14,5,0,2,22
294,294,"(102, 103)",0.037052630011921,0.0760639903410805,0.0079365079365079,0.0321603798832034,0.0872878420505715,0.0079365079365079,9,12,0,7,24
295,295,"(105, 106)",0.0083447327897294,0.070716991721622,0.0059523809523809,0.0125143782506838,0.088560885608856,0.0059523809523809,4,3,1,0,13
296,296,"(106, 109)",0.0456189316201571,0.0719280719280719,0.0079365079365079,0.0622534578833873,0.0877895836962201,0.0079365079365079,6,3,1,0,68
297,297,"(108, 107)",0.0708081101790275,0.0712770470937632,0.0079365079365079,0.0559016399784524,0.0883280757097791,0.0079365079365079,11,10,2,1,68
298,298,"(107, 104)",0.0676469185983528,0.0740523067881281,0.0059523809523809,0.0496030920514707,0.0889516413695728,0.0059523809523809,9,13,0,0,14
299,299,"(105, 138)",0.0969704764951144,0.0707368421052631,0.0059523809523809,0.0709648547624313,0.0932642487046632,0.0059523809523809,5,9,0,0,138
300,300,"(138, 140)",0.0663621659379257,0.0718870346598202,0.0079365079365079,0.0560137757915661,0.0924092409240924,0.0079365079365079,6,13,0,2,54
301,301,"(141, 139)",0.060122229692872,0.0739436619718309,0.0079365079365079,0.0703161328708662,0.0920379839298758,0.0079365079365079,6,12,0,16,52
302,302,"(139, 106)",0.0449326134222418,0.0689183645562696,0.0059523809523809,0.0596838111193681,0.0901771336553945,0.0059523809523809,10,7,0,2,136
303,303,"(97, 142)",0.0075970919256444,0.0664381755866069,0.0059523809523809,0.0076292150420876,0.0869415214766258,0.0059523809523809,4,2,1,1,180
304,304,"(143, 99)",0.0551607229762773,0.0773955773955774,0.0079365079365079,0.0638392276315223,0.0917698470502549,0.0079365079365079,5,7,0,1,178
305,305,"(142, 144)",0.0245373144004389,0.0733731256369194,0.0079365079365079,0.0195728044692581,0.0887323943661971,0.0079365079365079,2,2,0,0,56
306,306,"(145, 143)",0.0579593165587391,0.0736088798013728,0.0079365079365079,0.0612213637226504,0.0920211794778163,0.0079365079365079,4,2,0,0,54
307,307,"(144, 150)",0.025463064281345,0.0728955741972808,0.0079365079365079,0.0256483522202303,0.0890302066772655,0.0079365079365079,9,9,0,1,306
308,308,"(150, 152)",0.015292639989104,0.0679978413383702,0.0039682539682539,0.0178157030522007,0.086881572142734,0.0039682539682539,2,10,0,0,66
309,309,"(153, 151)",0.075972967702971,0.0761674474837539,0.0079365079365079,0.0608817025018127,0.0919540229885057,0.0079365079365079,6,4,0,0,66
310,310,"(151, 145)",0.0670574944501587,0.0730223123732251,0.0079365079365079,0.059436921874273,0.0923415170392085,0.0079365079365079,3,8,0,2,314
311,311,"(93, 146)",0.0609365221780018,0.0644089456869009,0.0039682539682539,0.0494086024779056,0.0825958702064896,0.0039682539682539,4,8,0,3,309
312,312,"(146, 148)",0.0886875769478959,0.071136203246295,0.0079365079365079,0.093664912664458,0.0851782998140949,0.0079365079365079,19,17,0,4,87
313,313,"(149, 147)",0.0700151774367197,0.0704008939796061,0.0079365079365079,0.077763768626104,0.0881272949816401,0.0079365079365079,12,8,0,1,84
314,314,"(147, 94)",0.0739204206023117,0.0728744939271255,0.0079365079365079,0.0859695294005286,0.0886231756637946,0.0079365079365079,4,12,0,1,300
315,315,"(143, 142)",0.0466084488397041,0.0773718145532698,0.0079365079365079,0.0418607576023272,0.0918367346938775,0.0079365079365079,8,7,0,1,48
316,316,"(142, 147)",0.0296682263649095,0.0733731256369194,0.0079365079365079,0.0353510067676705,0.0892193308550185,0.0079365079365079,6,4,0,0,462
317,317,"(147, 146)",0.0257629831993175,0.0728744939271255,0.0059523809523809,0.0313554509791249,0.086021505376344,0.0059523809523809,7,5,0,0,27
318,318,"(148, 149)",0.0096410827050796,0.0664381755866069,0.0059523809523809,0.0162642751009814,0.0871670702179176,0.0059523809523809,6,7,0,0,27
319,319,"(139, 138)",0.0132015447000536,0.068880688806888,0.0059523809523809,0.017031352174882,0.0915365056302215,0.0059523809523809,4,2,0,1,39
320,320,"(138, 143)",0.0438098552572423,0.0719075474390069,0.0079365079365079,0.0418252039305895,0.0922907892327412,0.0079365079365079,6,6,0,0,162
321,321,"(149, 144)",0.0417968303352426,0.0704304080491894,0.0079365079365079,0.0393300970343787,0.0902740462117141,0.0079365079365079,15,10,0,0,447
322,322,"(144, 145)",0.0408710804543365,0.0728744939271255,0.0079365079365079,0.0398877961523641,0.0923415170392085,0.0079365079365079,5,4,0,1,45
323,323,"(145, 140)",0.049969258345756,0.0736303871439006,0.0079365079365079,0.0460146325519182,0.0930404282813365,0.0079365079365079,10,4,0,0,162
324,324,"(140, 141)",0.0456633480620222,0.0773718145532698,0.0059523809523809,0.041195724667013,0.0913871260199456,0.0059523809523809,10,6,0,0,39
325,325,"(140, 293)",0.0706680762216595,0.0773955773955774,0.0079365079365079,0.0675353223446639,0.093143596377749,0.0079365079365079,5,7,0,0,342
326,326,"(293, 154)",0.0599610097267013,0.0761329305135951,0.0079365079365079,0.0620728260537509,0.0911392405063291,0.0079365079365079,3,9,1,0,60
327,327,"(155, 298)",0.0112588846110393,0.0728534258456201,0.0059523809523809,0.0117930974535246,0.0834437086092715,0.0059523809523809,14,18,0,33,42
328,328,"(294, 141)",0.0124708100602732,0.0712468193384223,0.0059523809523809,0.0233569025218263,0.0895363297210872,0.0059523809523809,4,4,1,0,334
329,329,"(150, 151)",0.0081823527216644,0.0679886685552408,0.0059523809523809,0.0091828662715399,0.0902417188898836,0.0059523809523809,3,4,0,0,32
330,330,"(151, 293)",0.0170978259744767,0.0730011587485515,0.0079365079365079,0.0146583685895332,0.0902578796561604,0.0079365079365079,6,2,0,0,112
331,331,"(293, 295)",0.0278048924694349,0.0761674474837539,0.0079365079365079,0.0208905585178955,0.0896956753870795,0.0079365079365079,8,3,0,0,24
332,332,"(295, 296)",0.0209256464038781,0.0708561788274989,0.0039682539682539,0.0122039952857685,0.0864939076711858,0.0039682539682539,3,2,0,0,7
333,333,"(294, 296)",0.0102296087421051,0.0712770470937632,0.0059523809523809,0.0205675301745373,0.0872878420505715,0.0059523809523809,5,3,0,0,12
334,334,"(298, 296)",0.0112588846110393,0.067942841736317,0.0039682539682539,0.0081539032679549,0.0831134564643799,0.0039682539682539,8,10,0,8,10
335,335,"(295, 294)",0.0048911744949802,0.0708362614195362,0.0059523809523809,0.0116331948782546,0.0892193308550185,0.0059523809523809,2,3,0,0,8
336,336,"(154, 153)",0.0598842049880349,0.0785046728971962,0.0079365079365079,0.047944973261653,0.0915198837842745,0.0079365079365079,8,6,0,0,102
337,337,"(153, 152)",0.0242672503766653,0.0761904761904762,0.0059523809523809,0.0215204137393722,0.0885142255005268,0.0059523809523809,5,7,0,0,32
338,338,"(155, 154)",0.0663899695827657,0.0728639583634523,0.0079365079365079,0.0597278640590685,0.0888732146005995,0.0079365079365079,6,10,0,0,26
339,339,"(155, 161)",0.0139153629637391,0.0728428963723081,0.0079365079365079,0.0142297311173819,0.0841542828518951,0.0079365079365079,13,12,1,0,140
340,340,"(160, 155)",0.0507072455666605,0.0710359408033826,0.0099206349206349,0.0501455081480561,0.0866277071158473,0.0099206349206349,13,18,0,5,140
341,341,"(154, 180)",0.066466774321432,0.0785291368027422,0.0079365079365079,0.0668240203188853,0.0911887099692419,0.0079365079365079,8,10,0,1,150
342,342,"(180, 181)",0.0476344537051722,0.0770053475935828,0.0079365079365079,0.043794554790626,0.0880349344978165,0.0079365079365079,16,15,0,0,16
343,343,"(182, 183)",0.0502338956270777,0.0715502555366269,0.0079365079365079,0.0345669232820136,0.0842386762493732,0.0079365079365079,15,10,0,9,16
344,344,"(183, 155)",0.0428450431614601,0.0714488233626311,0.0099206349206349,0.0400436807952704,0.086094977792962,0.0099206349206349,9,14,1,13,152
345,345,"(152, 184)",0.0415479619363459,0.0730646564221513,0.0079365079365079,0.0525002765359606,0.0879888268156424,0.0079365079365079,16,8,0,8,152
346,346,"(184, 185)",0.0488463963009547,0.0717437722419928,0.0079365079365079,0.0759907322017173,0.0851063829787234,0.0079365079365079,11,9,0,2,16
347,347,"(186, 187)",0.0328712795237177,0.0672987047669915,0.0079365079365079,0.0264367895711474,0.0877742946708464,0.0079365079365079,6,5,0,0,18
348,348,"(187, 153)",0.0403560130916014,0.0749888409462877,0.0079365079365079,0.0359808578868883,0.0899839314408141,0.0079365079365079,6,8,0,7,154
349,349,"(185, 186)",0.0423366797201172,0.0703517587939698,0.0079365079365079,0.0448693206917502,0.0859188544152744,0.0079365079365079,6,6,0,2,17
350,350,"(186, 181)",0.0305326317023988,0.0672987047669915,0.0079365079365079,0.0323718798553982,0.0838881491344873,0.0079365079365079,17,18,1,0,29
351,351,"(181, 182)",0.0538750647121779,0.0749665327978581,0.0079365079365079,0.0536989255445365,0.0855687606112054,0.0079365079365079,14,15,0,13,15
352,352,"(183, 180)",0.0573981627024147,0.0714488233626311,0.0079365079365079,0.0321902157524976,0.0866128200721773,0.0079365079365079,11,15,0,2,15
353,353,"(180, 187)",0.0762304833186746,0.077028885832187,0.0079365079365079,0.0508859652598005,0.090354965937612,0.0079365079365079,12,10,0,0,32
354,354,"(187, 184)",0.0687457497507909,0.0749665327978581,0.0079365079365079,0.0570160448039639,0.0885764499121265,0.0079365079365079,9,10,1,0,16
355,355,"(148, 196)",0.0770584226722397,0.0664819944598338,0.0039682539682539,0.0893393435895684,0.0835405271009448,0.0039682539682539,8,4,0,2,496
356,356,"(196, 197)",0.1063563877164415,0.0711261642675698,0.0079365079365079,0.1035586079950526,0.0828130134735458,0.0079365079365079,16,12,1,0,22
357,357,"(197, 274)",0.074109969810765,0.0664732260617251,0.0039682539682539,0.0901399240092825,0.0782122905027933,0.0039682539682539,28,12,0,0,116
358,358,"(274, 275)",0.0798690660271177,0.0655993752440453,0.0079365079365079,0.0921139562049493,0.0742049469964664,0.0079365079365079,16,15,0,7,16
359,359,"(275, 278)",0.0648244133085088,0.0616740088105726,0.0039682539682539,0.0829971940292451,0.0705190989226248,0.0039682539682539,10,11,0,0,68
360,360,"(277, 276)",0.0792911747203852,0.0401913875598086,0.0039682539682539,0.0535579253634946,0.0708960472640315,0.0039682539682539,36,8,0,11,68
361,361,"(276, 273)",0.0943358274389942,0.0605114659623004,0.0079365079365079,0.0635074737947884,0.0747552654998516,0.0079365079365079,16,16,0,16,16
362,362,"(273, 200)",0.0885767312226415,0.0571104815864022,0.0059523809523809,0.0638494152558893,0.078823897403816,0.0059523809523809,7,4,0,0,46
363,363,"(200, 198)",0.0617189718829877,0.0540714515609913,0.0059523809523809,0.0364229424265624,0.0813034360380706,0.0059523809523809,1,2,0,0,78
364,364,"(198, 201)",0.0680335031543258,0.0649149922720247,0.0079365079365079,0.0410142216883435,0.0836514522821576,0.0079365079365079,2,4,0,0,18
365,365,"(201, 195)",0.0675537663070797,0.0680621201890614,0.0059523809523809,0.044475670000069,0.0865236051502146,0.0059523809523809,6,4,0,1,14
366,366,"(200, 199)",0.0248696877690771,0.0541004723057106,0.0039682539682539,0.0310735183453858,0.0790216368767638,0.0039682539682539,1,2,0,0,80
367,367,"(197, 198)",0.0302583463351001,0.066429418742586,0.0059523809523809,0.0134803287823388,0.0820846905537459,0.0059523809523809,9,9,0,3,9
368,368,"(198, 199)",0.023943815063762,0.0649651972157772,0.0059523809523809,0.0149391795149476,0.0810419681620839,0.0059523809523809,6,5,0,2,11
369,369,"(199, 185)",0.0508015744034157,0.061787421846267,0.0079365079365079,0.0513916428958145,0.0830176247735134,0.0079365079365079,9,7,0,1,81
370,370,"(184, 194)",0.0614473153861822,0.0717744232412418,0.0079365079365079,0.0604730922451219,0.0874241110147441,0.0079365079365079,10,6,0,2,85
371,371,"(194, 195)",0.0326290871892263,0.0670212765957446,0.0039682539682539,0.0453121797137517,0.0871519972332699,0.0039682539682539,5,4,0,0,14
372,372,"(194, 201)",0.0268301566263792,0.067030190184865,0.0059523809523809,0.0150263124119205,0.085264760615801,0.0059523809523809,3,5,0,0,10
373,373,"(201, 196)",0.0273098934736253,0.0680253745444729,0.0059523809523809,0.0127238819159962,0.0815402038505096,0.0059523809523809,1,6,0,0,9
374,374,"(195, 149)",0.1021709250668826,0.0665083135391924,0.0079365079365079,0.0926790523892455,0.0897276126045932,0.0079365079365079,11,8,0,1,486
375,375,"(275, 276)",0.0130565811480324,0.0615835777126099,0.0039682539682539,0.0033752887817736,0.0717335610589239,0.0039682539682539,10,6,0,8,10
376,376,"(273, 274)",0.0037710246457761,0.0570781426953567,0.0039682539682539,0.0033752887817736,0.0717335610589239,0.0039682539682539,12,7,1,1,12
377,377,"(185, 188)",0.0573112909842531,0.0704107292539815,0.0079365079365079,0.0844120057838767,0.0813428018076178,0.0079365079365079,241,195,1,237,252
378,378,"(193, 186)",0.0210672315059994,0.0667992047713717,0.0059523809523809,0.0078548546146545,0.0838741887169246,0.0059523809523809,4,2,0,0,224
379,379,"(181, 192)",0.0242920206953932,0.0749665327978581,0.0059523809523809,0.0171825426441324,0.0840420210105052,0.0059523809523809,216,216,0,213,216
380,380,"(191, 182)",0.0506395072303543,0.0576923076923076,0.0059523809523809,0.0407890770555673,0.0805369127516778,0.0059523809523809,21,10,0,1,226
381,381,"(193, 188)",0.0194184101738773,0.0668169163462813,0.0059523809523809,0.0147024022143275,0.0776220545202525,0.0059523809523809,24,24,0,7,24
382,382,"(188, 189)",0.0104028606140932,0.0673526660430308,0.0059523809523809,0.0078142807209676,0.0774074642911995,0.0059523809523809,32,32,2,24,32
383,383,"(189, 190)",0.012548715642652,0.0647149460708782,0.0059523809523809,0.0080205506227919,0.0755395683453237,0.0059523809523809,14,14,1,13,14
384,384,"(190, 191)",0.0688211997854145,0.0611576265016381,0.0079365079365079,0.0396651056551788,0.0772650620879963,0.0079365079365079,15,18,0,18,18
385,385,"(191, 192)",0.0161936209844836,0.0576659038901601,0.0039682539682539,0.0023083364524737,0.0772413793103448,0.0039682539682539,20,20,0,1,20
386,386,"(192, 193)",0.0424737132504533,0.0715502555366269,0.0079365079365079,0.0203408761245961,0.0809638554216867,0.0079365079365079,8,8,0,8,8
387,387,"(188, 270)",0.0663268405440372,0.0673886883273164,0.0059523809523809,0.0844970073449307,0.0762942779291553,0.0059523809523809,114,114,0,114,114
388,388,"(272, 299)",0.0564302676007447,0.05614347777654,0.0059523809523809,0.0279871892109224,0.0700876095118898,0.0059523809523809,4,4,0,2,76
389,389,"(299, 189)",0.0001577834579822,0.0532150776053215,0.0039682539682539,0.0012397112302866,0.0710659898477157,0.0039682539682539,15,18,0,0,18
390,390,"(299, 190)",0.0542844125721859,0.0532094594594594,0.0039682539682539,0.0293369573842305,0.0728218465539661,0.0039682539682539,6,20,0,1,30
391,391,"(270, 269)",0.0697142541575939,0.0649484536082474,0.0079365079365079,0.0817740472021315,0.0717948717948717,0.0079365079365079,8,8,0,6,8
392,392,"(269, 268)",0.0542652813279054,0.0610391183238464,0.0039682539682539,0.0646551355229072,0.0681910431606007,0.0039682539682539,1,7,0,0,20
393,393,"(268, 266)",0.0578686610495754,0.0594199481254421,0.0079365079365079,0.0628111859198337,0.0650322580645161,0.0079365079365079,10,12,1,0,18
394,394,"(266, 263)",0.0459185364006436,0.0561309722686267,0.0039682539682539,0.0495660765589985,0.0621838371375694,0.0039682539682539,11,11,1,2,64
395,395,"(263, 264)",0.0496599766480481,0.0548900021781746,0.0079365079365079,0.0477383136851858,0.0596308566019876,0.0079365079365079,11,11,0,7,12
396,396,"(264, 259)",0.0378341064722773,0.0520714949891517,0.0039682539682539,0.0364212343858596,0.0572792362768496,0.0039682539682539,13,18,0,0,34
397,397,"(259, 260)",0.0416998011928428,0.0511467424396184,0.0079365079365079,0.0345934055203583,0.0551543007222587,0.0079365079365079,9,9,1,2,12
398,398,"(260, 255)",0.0299607119189624,0.0486909477345184,0.0039682539682539,0.0245324620226891,0.0531813865147198,0.0039682539682539,33,41,1,0,50
399,399,"(255, 256)",0.0339131875414181,0.0479269684290604,0.0079365079365079,0.0227607216086932,0.0513866231647634,0.0079365079365079,9,10,0,3,10
400,400,"(256, 251)",0.0236059831487267,0.0457640969763007,0.0039682539682539,0.0136237757474656,0.0497286630488406,0.0039682539682539,20,18,0,1,24
401,401,"(251, 252)",0.0289903436523715,0.0451127819548872,0.0079365079365079,0.013025585891066,0.0482296650717703,0.0079365079365079,12,12,0,4,12
402,402,"(252, 247)",0.0219334784941146,0.0431913617276544,0.0039682539682539,0.0071798089069983,0.0481467329002674,0.0039682539682539,7,6,0,1,48
403,403,"(247, 248)",0.0321354939148179,0.0433660299432111,0.0079365079365079,0.0158137784423885,0.0493440375954572,0.0079365079365079,16,11,0,10,16
404,404,"(248, 289)",0.0283672304795565,0.0415944540727903,0.0059523809523809,0.0170254711385093,0.051255974778806,0.0059523809523809,5,2,0,3,16
405,405,"(289, 290)",0.018967280970263,0.0399746192893401,0.0039682539682539,0.0168882448566756,0.0530191458026509,0.0039682539682539,3,5,0,1,18
406,406,"(289, 291)",0.0074118779387169,0.0399619410085632,0.0059523809523809,0.0034554008736096,0.0518092105263157,0.0059523809523809,2,3,0,0,20
407,407,"(246, 245)",0.0222389209715253,0.0442144047723484,0.0079365079365079,0.0174203393762751,0.0477906315190593,0.0079365079365079,12,10,0,5,12
408,408,"(245, 250)",0.012036905550822,0.0423671822461331,0.0039682539682539,0.013313609745962,0.0469842453621702,0.0039682539682539,35,29,1,2,54
409,409,"(250, 249)",0.0190937707090788,0.0433660299432111,0.0079365079365079,0.0154781875621547,0.0469011725293132,0.0079365079365079,12,12,0,1,12
410,410,"(249, 254)",0.013709410205434,0.0415875897351266,0.0039682539682539,0.0152264430696105,0.0479543292102759,0.0039682539682539,20,17,0,0,20
411,411,"(254, 253)",0.0240166145981255,0.0451127819548872,0.0079365079365079,0.019844424733894,0.0494845360824742,0.0079365079365079,10,9,0,4,10
412,412,"(253, 258)",0.0200641389756697,0.0431913617276544,0.0039682539682539,0.0198759014525852,0.0511363636363636,0.0039682539682539,7,13,0,3,46
413,413,"(258, 257)",0.0318032282495503,0.0479269684290604,0.0079365079365079,0.0246796787714339,0.0529467381027418,0.0079365079365079,11,12,0,12,12
414,414,"(257, 262)",0.0279375335289848,0.0457640969763007,0.0039682539682539,0.0240354391669689,0.0548900021781746,0.0039682539682539,3,6,0,11,36
415,415,"(262, 261)",0.0397634037047555,0.0511467424396184,0.0079365079365079,0.0290206533051596,0.057032929727283,0.0079365079365079,7,9,0,12,12
416,416,"(261, 265)",0.0360219634573511,0.0486909477345184,0.0039682539682539,0.0273171501397889,0.059349976448422,0.0039682539682539,11,12,0,1,64
417,417,"(265, 267)",0.0479720881062829,0.0548900021781746,0.0079365079365079,0.0325182076676491,0.0619240692959823,0.0079365079365079,16,16,0,2,16
418,418,"(267, 271)",0.0443687083846129,0.0520714949891517,0.0039682539682539,0.0291336859851398,0.0647648419429452,0.0039682539682539,15,15,0,12,16
419,419,"(271, 272)",0.0598176812143015,0.0594199481254421,0.0079365079365079,0.0346850332757928,0.0679886685552408,0.0079365079365079,12,12,0,12,12
420,420,"(291, 292)",0.0089581558269431,0.0440174672489082,0.0059523809523809,0.0044745526636786,0.0520016508460586,0.0059523809523809,3,4,0,1,18
421,421,"(292, 242)",0.0569391849958451,0.0502242152466367,0.0079365079365079,0.0656854144754391,0.053874933190807,0.0079365079365079,23,25,3,2,82
422,422,"(244, 246)",0.0184706575362639,0.0449197860962566,0.0039682539682539,0.0176586257701328,0.0488940628637951,0.0039682539682539,18,4,0,0,62
423,423,"(243, 244)",0.0615093734644287,0.0469930069930069,0.0079365079365079,0.0319917042182791,0.0509142337609859,0.0079365079365079,14,13,1,1,46
424,424,"(244, 291)",0.0410506443575883,0.0448997772828507,0.0059523809523809,0.0094050841055792,0.0520984081041968,0.0059523809523809,3,4,0,0,34
425,425,"(291, 290)",0.0395043664693621,0.0440366972477064,0.0059523809523809,0.0135267944368111,0.0535088650599851,0.0059523809523809,7,2,0,1,24
426,426,"(287, 292)",0.0459929575983254,0.0502592740327084,0.0039682539682539,0.0653535683260456,0.0556291390728476,0.0039682539682539,8,8,0,2,182
427,427,"(290, 288)",0.0604597190102017,0.0424599831508003,0.0059523809523809,0.0357250777665743,0.0554577464788732,0.0059523809523809,9,6,0,3,150
428,428,"(242, 243)",0.0238544592234949,0.0478405315614617,0.0039682539682539,0.0131446608875038,0.0518092105263157,0.0039682539682539,13,5,0,0,15
429,429,"(285, 286)",0.0028598251759285,0.0475651189127972,0.0039682539682539,0.0022977287197,0.0557768924302788,0.0039682539682539,8,6,1,1,10
430,430,"(287, 288)",0.0216912808861119,0.0502292206497907,0.0039682539682539,0.0022977287197,0.0557768924302788,0.0039682539682539,5,5,0,0,9
431,431,"(288, 285)",0.0841390714668903,0.049925705794948,0.0079365079365079,0.0431185798645401,0.0575079872204472,0.0079365079365079,13,15,4,8,20
432,432,"(242, 241)",0.0310966542017734,0.0478587028772196,0.0039682539682539,0.0423775951343859,0.0517453798767967,0.0039682539682539,105,106,0,0,106
433,433,"(241, 240)",0.0344963946479851,0.046979865771812,0.0079365079365079,0.0403013310786979,0.0498467016121056,0.0079365079365079,8,8,0,0,8
434,434,"(240, 239)",0.0230777748475135,0.0448997772828507,0.0039682539682539,0.026801274974121,0.0481835564053537,0.0039682539682539,16,16,0,1,16
435,435,"(239, 238)",0.0273507199433782,0.0443349753694581,0.0079365079365079,0.024923507568477,0.0468096962942323,0.0079365079365079,6,6,0,5,6
436,436,"(234, 235)",0.0319209084119621,0.0428936170212765,0.0079365079365079,0.0234764776108294,0.0457516339869281,0.0079365079365079,6,6,0,2,6
437,437,"(235, 236)",0.0276479633160973,0.0411529354127541,0.0039682539682539,0.0200596602181626,0.0464473320431296,0.0039682539682539,13,14,0,2,14
438,438,"(236, 237)",0.0390665831165688,0.0443349753694581,0.0079365079365079,0.0237420457941714,0.0476370510396975,0.0079365079365079,6,6,1,2,6
439,439,"(237, 243)",0.0356668426703572,0.0424814565070802,0.0039682539682539,0.0199513758671497,0.0490940970192869,0.0039682539682539,2,1,0,2,110
440,440,"(286, 287)",0.0696723100550139,0.0528689814329172,0.0079365079365079,0.0736097894123692,0.0575736806031528,0.0079365079365079,14,17,0,8,18
441,441,"(238, 231)",0.0186509345288811,0.0424778761061946,0.0039682539682539,0.0153986619528645,0.0457932037070688,0.0039682539682539,4,13,0,0,48
442,442,"(231, 232)",0.0256427140107202,0.0428936170212765,0.0079365079365079,0.0148362955888542,0.0453237410071942,0.0079365079365079,11,12,0,2,12
443,443,"(233, 230)",0.030212902479304,0.0431063975367772,0.0079365079365079,0.0287274307220206,0.0456811384029729,0.0079365079365079,14,14,0,5,14
444,444,"(230, 234)",0.0232211229974649,0.0413487570760521,0.0039682539682539,0.0217667161084183,0.0455449123441171,0.0039682539682539,44,46,0,5,46
445,445,"(232, 228)",0.0184162316351325,0.0411529354127541,0.0039682539682539,0.0086536196164865,0.0451815329448677,0.0039682539682539,6,5,0,1,146
446,446,"(228, 229)",0.0270851177891081,0.0431063975367772,0.0059523809523809,0.009172675433115,0.0453767894120824,0.0059523809523809,15,11,0,1,18
447,447,"(226, 227)",0.0031188530194494,0.0397037970694816,0.0059523809523809,0.0019650493705247,0.04470066518847,0.0059523809523809,8,6,0,1,22
448,448,"(227, 233)",0.0229864201037163,0.0425999492857746,0.0059523809523809,0.0294997886165702,0.0461580730836157,0.0059523809523809,115,97,0,0,146
449,449,"(284, 286)",0.0648244133085088,0.0497630331753554,0.0039682539682539,0.0726565061906141,0.0596096984033116,0.0039682539682539,12,5,0,0,122
450,450,"(285, 283)",0.0792911747203852,0.0476190476190476,0.0039682539682539,0.042929260378614,0.0595956012770486,0.0039682539682539,5,10,0,0,120
451,451,"(281, 284)",0.0648244133085088,0.0522875816993464,0.0039682539682539,0.0750992395065118,0.0618556701030927,0.0039682539682539,2,8,0,1,272
452,452,"(283, 282)",0.0792911747203852,0.0455161202926036,0.0039682539682539,0.0454415359058634,0.061931678545097,0.0039682539682539,10,4,0,0,246
453,453,"(280, 281)",0.0648244133085088,0.0550819672131147,0.0039682539682539,0.0776369555985031,0.0644089456869009,0.0039682539682539,9,7,0,1,52
454,454,"(282, 279)",0.0792911747203852,0.0435910742086144,0.0039682539682539,0.0480504099723886,0.0645574484437043,0.0039682539682539,6,3,0,0,56
455,455,"(278, 280)",0.0648244133085088,0.058191894700381,0.0039682539682539,0.080269654466588,0.0672538030424339,0.0039682539682539,7,4,0,0,118
456,456,"(279, 277)",0.0792911747203852,0.0418222554144884,0.0039682539682539,0.0507558683983037,0.067524115755627,0.0039682539682539,17,6,0,0,116
457,457,"(248, 246)",0.0017801918646849,0.0415738678544914,0.0039682539682539,0.001381763827273,0.0476505625413633,0.0039682539682539,10,7,1,0,16
458,458,"(245, 247)",0.0082139438501267,0.0423529411764705,0.0039682539682539,0.001381763827273,0.0476505625413633,0.0039682539682539,9,5,0,0,15
459,459,"(252, 250)",0.0050687935876802,0.0431765612952968,0.0039682539682539,0.0008068856256257,0.0469448584202682,0.0039682539682539,14,15,0,5,15
460,460,"(249, 251)",0.0033962889330682,0.0415738678544914,0.0039682539682539,0.0008068856256257,0.0469448584202682,0.0039682539682539,13,14,0,0,15
461,461,"(256, 254)",0.0083191328221149,0.0457474811654715,0.0039682539682539,0.0010267371460613,0.0499306518723994,0.0039682539682539,16,14,0,0,16
462,462,"(253, 255)",0.0019644040518792,0.0431765612952968,0.0039682539682539,0.0010267371460613,0.0499306518723994,0.0039682539682539,16,16,0,0,16
463,463,"(260, 258)",0.0097510177033039,0.0486721390632544,0.0039682539682539,0.0014478659321576,0.0534804753820033,0.0039682539682539,4,17,0,4,17
464,464,"(257, 259)",0.0018776231499889,0.0457474811654715,0.0039682539682539,0.0014478659321576,0.0534804753820033,0.0039682539682539,8,8,0,0,16
465,465,"(264, 262)",0.0098377986051942,0.0520499845089331,0.0039682539682539,0.0020721147151726,0.0576791027695124,0.0039682539682539,4,5,0,6,15
466,466,"(261, 263)",0.0017533686768279,0.0486721390632544,0.0039682539682539,0.0020721147151726,0.0576791027695124,0.0039682539682539,6,11,0,0,17
467,467,"(266, 265)",0.0099620530783552,0.0561059779583658,0.0039682539682539,0.003034343989649,0.0627177700348432,0.0039682539682539,9,15,2,0,17
468,468,"(267, 268)",0.0016153081510934,0.0520499845089331,0.0039682539682539,0.003034343989649,0.0627177700348432,0.0039682539682539,6,9,0,0,16
469,469,"(269, 271)",0.0134609012591119,0.0610095630068998,0.0039682539682539,0.0048976383617252,0.0689938398357289,0.0039682539682539,13,16,0,15,16
470,470,"(272, 270)",0.0013993420429802,0.0561059779583658,0.0039682539682539,0.0048976383617252,0.0689938398357289,0.0039682539682539,15,14,0,10,15
471,471,"(229, 226)",0.0270851177891081,0.0413351923234642,0.0059523809523809,0.0076964002160934,0.0450885668276972,0.0059523809523809,7,16,0,2,22
472,472,"(226, 225)",0.0219781931990821,0.0397163120567375,0.0039682539682539,0.0087415852133724,0.0457516339869281,0.0039682539682539,9,3,1,2,60
473,473,"(225, 222)",0.0326029368009629,0.0425855513307984,0.0079365079365079,0.0140940186948228,0.0468488566648075,0.0079365079365079,11,10,0,3,22
474,474,"(222, 220)",0.028607070727562,0.0408692831657476,0.0039682539682539,0.0159926677007256,0.0481881633043312,0.0039682539682539,36,70,0,0,118
475,475,"(220, 221)",0.0403027695504974,0.0448877805486284,0.0079365079365079,0.0214925130156819,0.049743387287801,0.0079365079365079,14,14,0,12,14
476,476,"(221, 216)",0.0364686315215284,0.0429850746268656,0.0039682539682539,0.0232495325594187,0.0514233241505968,0.0039682539682539,67,68,0,1,68
477,477,"(216, 217)",0.0483260583888956,0.0478905359179019,0.0079365079365079,0.0285757245238936,0.0532656943563728,0.0079365079365079,14,14,0,6,14
478,478,"(214, 215)",0.0528962468574794,0.0513552068473609,0.0079365079365079,0.0586316705411758,0.0551965830686671,0.0079365079365079,14,14,0,7,14
479,479,"(215, 218)",0.0410388199901122,0.0488798370672097,0.0039682539682539,0.0498224475753216,0.0532094594594594,0.0039682539682539,54,66,0,5,70
480,480,"(218, 219)",0.0448729580190812,0.0478905359179019,0.0079365079365079,0.0495701874942984,0.0514023457419683,0.0079365079365079,10,10,0,9,10
481,481,"(219, 223)",0.0331772591961458,0.0457308774158424,0.0039682539682539,0.0413583612760618,0.0497139475241665,0.0039682539682539,4,3,0,0,116
482,482,"(223, 224)",0.0371731252695467,0.0448877805486284,0.0079365079365079,0.0420420140310781,0.0481881633043312,0.0079365079365079,9,9,1,12,20
483,483,"(224, 227)",0.0265483816676659,0.0429850746268656,0.0059523809523809,0.0352847102659261,0.046979865771812,0.0059523809523809,4,3,1,0,60
484,484,"(227, 228)",0.006680814583399,0.0425855513307984,0.0059523809523809,0.0048527263197819,0.0456026058631921,0.0059523809523809,5,6,0,0,24
485,485,"(211, 214)",0.0491212776252537,0.0525492649358773,0.0039682539682539,0.0592618749416912,0.0573378839590443,0.0039682539682539,183,179,0,4,184
486,486,"(217, 212)",0.0445510891566699,0.0457308774158424,0.0039682539682539,0.029941471051907,0.0552449852022361,0.0039682539682539,184,181,0,2,184
487,487,"(240, 236)",0.009430548229895,0.0448837830617152,0.0039682539682539,0.0028810334925446,0.0482158232086482,0.0039682539682539,11,10,0,1,12
488,488,"(237, 241)",0.001411668875635,0.0424635605358496,0.0039682539682539,0.0028810334925446,0.0482158232086482,0.0039682539682539,12,11,0,0,12
489,489,"(238, 234)",0.0067117138439206,0.0424635605358496,0.0039682539682539,0.0015976317610856,0.0457101396698712,0.0039682539682539,12,12,0,2,12
490,490,"(235, 239)",0.0022848735252881,0.0411394988164231,0.0039682539682539,0.0015976317610856,0.0457101396698712,0.0039682539682539,11,9,0,2,11
491,491,"(230, 231)",0.0050037079112625,0.0413351923234642,0.0039682539682539,0.0015364165207498,0.0449237899991086,0.0039682539682539,7,10,0,2,10
492,492,"(232, 233)",0.0052384108050112,0.0411394988164231,0.0039682539682539,0.0015364165207498,0.0449237899991086,0.0039682539682539,10,9,0,0,10
493,493,"(224, 225)",0.0086366720313042,0.0429704152101628,0.0039682539682539,0.0010115364468289,0.0465804066543438,0.0039682539682539,5,1,0,0,12
494,494,"(222, 223)",0.0020077945028243,0.0408560311284046,0.0039682539682539,0.0010115364468289,0.0465804066543438,0.0039682539682539,6,7,1,0,10
495,495,"(219, 220)",0.0097076272523588,0.0457142857142857,0.0039682539682539,0.0009619090435782,0.0495770214440291,0.0039682539682539,5,7,2,2,7
496,496,"(221, 218)",0.0018460664583925,0.0429704152101628,0.0039682539682539,0.0009619090435782,0.0495770214440291,0.0039682539682539,8,8,0,5,8
497,497,"(215, 216)",0.0098693552967906,0.0488608822103732,0.0039682539682539,0.0010621443435773,0.0530973451327433,0.0039682539682539,7,7,1,0,7
498,498,"(217, 214)",0.0017868976616491,0.0457142857142857,0.0039682539682539,0.0010621443435773,0.0530973451327433,0.0039682539682539,8,8,0,1,8
499,499,"(211, 212)",0.009928524093534,0.0525273579989577,0.0039682539682539,0.0012673309596939,0.0572597137014314,0.0039682539682539,8,9,0,2,9
500,500,"(213, 210)",0.0017277288649058,0.0488608822103732,0.0039682539682539,0.0012673309596939,0.0572597137014314,0.0039682539682539,10,10,0,3,10
501,501,"(207, 208)",0.0099876928902773,0.0570264765784114,0.0039682539682539,0.0016013313040331,0.0622837370242214,0.0039682539682539,8,9,0,4,9
502,502,"(209, 206)",0.001538388715327,0.0525273579989577,0.0039682539682539,0.0016013313040331,0.0622837370242214,0.0039682539682539,9,9,0,0,9
503,503,"(203, 204)",0.0101770330398561,0.0624690133862171,0.0039682539682539,0.0021942927708803,0.0685621003945041,0.0039682539682539,9,9,0,2,9
504,504,"(205, 202)",0.0014397740540881,0.0570264765784114,0.0039682539682539,0.0021942927708803,0.0685621003945041,0.0039682539682539,8,9,0,7,9
