Nodo,Conections,DiBC,DiCC,DiDC,BC,CC,DC
0,"(0, 3)",0.017093339434293708,0.056833558863328824,0.005952380952380952,0.0054283356567423596,0.06666666666666667,0.005952380952380952
1,"(3, 6)",0.013113251706691068,0.053817405232247734,0.003968253968253968,0.007537399412380929,0.0691452874193991,0.003968253968253968
2,"(6, 7)",0.04333221792040307,0.06222222222222222,0.007936507936507936,0.020224264753940877,0.07379209370424597,0.007936507936507936
3,"(3, 2)",0.001992016157026097,0.053794428434197884,0.005952380952380952,0.0024888487057076816,0.0664819944598338,0.005952380952380952
4,"(2, 12)",0.022312402981957087,0.06223758952827859,0.007936507936507936,0.026284358240209124,0.06994171523730225,0.007936507936507936
5,"(12, 13)",0.013944916104281339,0.06023664395840803,0.007936507936507936,0.01642731018767628,0.067370672370004,0.007936507936507936
6,"(13, 17)",0.013815204953198417,0.06103911832384643,0.007936507936507936,0.012649805464246324,0.06680805938494168,0.007936507936507936
7,"(16, 14)",0.00437642474705809,0.0521415270018622,0.003968253968253968,0.0020300305464918036,0.06114278781996846,0.003968253968253968
8,"(14, 15)",0.015528709827204572,0.05767910276951248,0.007936507936507936,0.006696730888137541,0.06321334503950835,0.007936507936507936
9,"(15, 1)",0.007565322351604658,0.05457498646453709,0.003968253968253968,0.0034066708521110663,0.06323713927227102,0.003968253968253968
10,"(1, 0)",0.017093339434293708,0.06023664395840803,0.005952380952380952,0.00530058283787083,0.06551410373066424,0.005952380952380952
11,"(5, 4)",0.02959660780592334,0.0659513216435488,0.007936507936507936,0.0351641868912878,0.07471093981618737,0.007936507936507936
12,"(4, 2)",0.0278603323370435,0.065977222149496,0.007936507936507936,0.03335695549521218,0.07269580268282129,0.007936507936507936
13,"(2, 1)",0.00753994551211251,0.06222222222222222,0.005952380952380952,0.005649884041761284,0.06792452830188679,0.005952380952380952
14,"(7, 5)",0.005896463451135418,0.058597837460760374,0.005952380952380952,0.008133920199435896,0.07547169811320754,0.005952380952380952
15,"(5, 11)",0.031243818328916373,0.06596858638743455,0.007936507936507936,0.05724982503240592,0.07952035342379299,0.007936507936507936
16,"(11, 9)",0.023623283904207,0.06595995288574794,0.007936507936507936,0.0482590271915209,0.07722954336500153,0.007936507936507936
17,"(8, 10)",0.04834219490655871,0.06673728813559322,0.007936507936507936,0.018989004830038528,0.07418310273770974,0.007936507936507936
18,"(10, 4)",0.02649461917425564,0.06260091914047944,0.005952380952380952,0.008817257553646594,0.0727692751949177,0.005952380952380952
19,"(4, 6)",0.02823089464313549,0.06595995288574794,0.005952380952380952,0.006139334167742613,0.07267483777937996,0.005952380952380952
20,"(9, 25)",0.043258147466199326,0.06943105110896818,0.007936507936507936,0.07260521150004838,0.07763401109057301,0.007936507936507936
21,"(24, 8)",0.03281896993289353,0.06105390672319806,0.005952380952380952,0.011665493633166464,0.07111612812191337,0.005952380952380952
22,"(15, 12)",0.005975315905023373,0.05455135837211819,0.005952380952380952,0.004721207384892172,0.0654460459680561,0.005952380952380952
23,"(12, 24)",0.014342802782699096,0.0602510460251046,0.007936507936507936,0.01237898381883746,0.06972883231876037,0.007936507936507936
24,"(24, 25)",0.008744152620182157,0.06103911832384643,0.007936507936507936,0.010464657337397307,0.06984478935698447,0.007936507936507936
25,"(26, 27)",0.022255410538213734,0.06529343179168286,0.007936507936507936,0.01598495772137644,0.07045009784735812,0.007936507936507936
26,"(27, 13)",0.009034502358487018,0.061734443900048994,0.007936507936507936,0.007873039505849166,0.06627218934911243,0.007936507936507936
27,"(13, 14)",0.009164213509569943,0.06103911832384643,0.005952380952380952,0.003893920437795574,0.0655226209048362,0.005952380952380952
28,"(19, 16)",0.010854975964319906,0.05496782637146908,0.005952380952380952,0.001837508295750969,0.06017910447761194,0.005952380952380952
29,"(17, 18)",0.004204741317777387,0.05767910276951248,0.005952380952380952,0.003985284572197048,0.06351606805293006,0.005952380952380952
30,"(16, 17)",0.004490479646685273,0.052119958634953466,0.005952380952380952,0.0024006199783280164,0.06204604210267143,0.005952380952380952
31,"(17, 20)",0.014100943282106298,0.05767910276951248,0.007936507936507936,0.009624456369905275,0.06600314300680984,0.007936507936507936
32,"(23, 18)",0.004662163075965972,0.058885383806519455,0.003968253968253968,0.004482819295495755,0.0626865671641791,0.003968253968253968
33,"(18, 19)",0.010854975964319905,0.05814490078449469,0.005952380952380952,0.0036464252305233487,0.061734443900048994,0.005952380952380952
34,"(20, 21)",0.013061179323427199,0.05814490078449469,0.007936507936507936,0.010279072475115487,0.06667548617542003,0.007936507936507936
35,"(22, 23)",0.019609882278513294,0.0625155048375093,0.007936507936507936,0.01553040227816449,0.0665522250099036,0.007936507936507936
36,"(25, 26)",0.028928932875415904,0.06673728813559322,0.007936507936507936,0.04848678343391886,0.07428150331613854,0.007936507936507936
37,"(26, 21)",0.02197543295826938,0.06529343179168286,0.007936507936507936,0.03243786234804981,0.07198971575489216,0.007936507936507936
38,"(23, 20)",0.012959647631970855,0.058857876912297095,0.005952380952380952,0.0036612524066802743,0.06501547987616099,0.005952380952380952
39,"(20, 27)",0.013999411590649836,0.05814490078449469,0.007936507936507936,0.006420343479915726,0.06619385342789598,0.007936507936507936
40,"(27, 24)",0.02722031977037659,0.061734443900048994,0.007936507936507936,0.008767852429103173,0.0683111954459203,0.007936507936507936
41,"(21, 22)",0.005245965285726714,0.061734443900048994,0.005952380952380952,0.008949946708790119,0.06845035990764634,0.005952380952380952
42,"(21, 32)",0.029790646995969908,0.061734443900048994,0.007936507936507936,0.027771761235175045,0.07078651685393259,0.007936507936507936
43,"(32, 33)",0.03601498470047442,0.0625155048375093,0.007936507936507936,0.027992707182326607,0.07056846821618594,0.007936507936507936
44,"(34, 35)",0.020623065245805032,0.06166646274317876,0.007936507936507936,0.01650688739051848,0.06589958158995816,0.007936507936507936
45,"(35, 22)",0.012375845422210145,0.05840092699884125,0.005952380952380952,0.01309466086320937,0.06585652685221481,0.005952380952380952
46,"(29, 30)",0.013122864546390165,0.061313868613138686,0.005952380952380952,0.011232213994583606,0.07141844976618959,0.005952380952380952
47,"(30, 33)",0.018023925702582086,0.06380554500569692,0.007936507936507936,0.014695555484427088,0.07100591715976332,0.007936507936507936
48,"(33, 34)",0.018016394453792717,0.06095791001451379,0.007936507936507936,0.016564764407768367,0.06784223987077669,0.007936507936507936
49,"(34, 37)",0.021690818865380136,0.06168155672500306,0.007936507936507936,0.02042905306351511,0.06569343065693431,0.007936507936507936
50,"(37, 38)",0.007876587789964671,0.05837387074357193,0.005952380952380952,0.005604447554480095,0.061832903938167094,0.005952380952380952
51,"(39, 36)",0.012784874276637978,0.05285234899328859,0.005952380952380952,0.00750354538527205,0.06035205364626991,0.005952380952380952
52,"(36, 35)",0.01004338669419612,0.050234227050732584,0.005952380952380952,0.010633261097812742,0.0635240736072599,0.005952380952380952
53,"(35, 32)",0.01829060651779096,0.05837387074357193,0.007936507936507936,0.015481225305652827,0.067316682249232,0.007936507936507936
54,"(32, 31)",0.01206626881328665,0.0625155048375093,0.007936507936507936,0.012357684403170295,0.06844106463878327,0.007936507936507936
55,"(31, 28)",0.007617216716194289,0.06095791001451379,0.005952380952380952,0.004668724228749852,0.0697867626696206,0.005952380952380952
56,"(25, 28)",0.02307336721096562,0.06677265500794913,0.005952380952380952,0.025594903029191866,0.07419402325923745,0.005952380952380952
57,"(28, 29)",0.032678655497736415,0.06529343179168286,0.007936507936507936,0.02521590332455,0.07373811265544988,0.007936507936507936
58,"(30, 31)",0.010852858523974713,0.06380554500569692,0.007936507936507936,0.00752225657847255,0.06930693069306931,0.007936507936507936
59,"(31, 26)",0.015301910621067177,0.06095791001451379,0.007936507936507936,0.01337104873446164,0.06952683128707408,0.007936507936507936
60,"(36, 37)",0.000753416011865316,0.05021420743249975,0.005952380952380952,0.0006380458036736467,0.058919803600654665,0.005952380952380952
61,"(37, 40)",0.014567647087280776,0.05838739573679333,0.005952380952380952,0.007471636682772932,0.06213783750462335,0.005952380952380952
62,"(40, 41)",0.025063956832738477,0.0557830658550083,0.007936507936507936,0.01348116903057227,0.0611353711790393,0.007936507936507936
63,"(42, 43)",0.0067271634741813665,0.05404825737265415,0.007936507936507936,0.0031218312181117637,0.057149336659485205,0.007936507936507936
64,"(43, 38)",0.0029202149160967674,0.05141807794327688,0.005952380952380952,0.004917557219525306,0.05628140703517588,0.005952380952380952
65,"(38, 39)",0.01278487427663798,0.0557830658550083,0.005952380952380952,0.007062795029319831,0.059057886102648234,0.005952380952380952
66,"(41, 42)",0.005032495596718923,0.05285234899328859,0.005952380952380952,0.0022866399717112263,0.05793769398781469,0.005952380952380952
67,"(42, 45)",0.011758131321952543,0.05404825737265415,0.007936507936507936,0.006214176451636959,0.05687845615619005,0.007936507936507936
68,"(45, 46)",0.004008341628423885,0.051397103813991436,0.005952380952380952,0.0017150694634564493,0.05391527599486521,0.005952380952380952
69,"(47, 44)",0.010184922212755214,0.04685756786909632,0.005952380952380952,0.0016363929131507397,0.052571190153332635,0.005952380952380952
70,"(44, 43)",0.004701289616796576,0.044788056518261794,0.005952380952380952,0.0038524093782098794,0.055226824457593686,0.005952380952380952
71,"(43, 40)",0.008508238174881175,0.051397103813991436,0.005952380952380952,0.004341089083622198,0.057844600022954204,0.005952380952380952
72,"(44, 45)",0.003495561025382099,0.044772141778448966,0.005952380952380952,0.00180194171216039,0.05419354838709677,0.005952380952380952
73,"(45, 52)",0.011245350718910618,0.051397103813991436,0.007936507936507936,0.006466804736220046,0.057149336659485205,0.007936507936507936
74,"(52, 53)",0.0008086402221591088,0.049146757679180884,0.007936507936507936,0.0021268210559923107,0.05639476334340383,0.007936507936507936
75,"(54, 55)",0.031173104017334682,0.05312532939812375,0.007936507936507936,0.0072372492667045684,0.05633173130658321,0.007936507936507936
76,"(55, 46)",0.0041885090137548054,0.05048076923076923,0.003968253968253968,0.0020082853129062854,0.053514546612868974,0.003968253968253968
77,"(46, 47)",0.010184922212755214,0.049146757679180884,0.005952380952380952,0.000722229307705136,0.051623476390453754,0.005952380952380952
78,"(41, 48)",0.018043389665442958,0.05286343612334802,0.005952380952380952,0.011961655439518116,0.06369265765196512,0.005952380952380952
79,"(48, 49)",0.0024338098393764398,0.05404825737265415,0.007936507936507936,0.004952029999779942,0.0628977910894796,0.007936507936507936
80,"(50, 51)",0.03958534973554412,0.05854338482982925,0.007936507936507936,0.018134523062338224,0.06294492319220682,0.007936507936507936
81,"(51, 42)",0.013452799199414922,0.05588822355289421,0.007936507936507936,0.013391924937867656,0.059574468085106386,0.007936507936507936
82,"(49, 50)",0.025804286789477455,0.06191646191646192,0.007936507936507936,0.02405750890897469,0.06589958158995816,0.007936507936507936
83,"(50, 53)",0.012147659955368522,0.05857059848925043,0.007936507936507936,0.015260734433999067,0.0621838371375694,0.007936507936507936
84,"(53, 54)",0.011699333571110113,0.05588822355289421,0.005952380952380952,0.00668442917578146,0.05875495453485661,0.005952380952380952
85,"(55, 52)",0.024996523433003046,0.05046055266319584,0.005952380952380952,0.0032361664927339487,0.05708460754332314,0.005952380952380952
86,"(52, 51)",0.0354332339297548,0.049146757679180884,0.007936507936507936,0.015586989567928037,0.06033038065597319,0.007936507936507936
87,"(51, 48)",0.06156578446588396,0.05588822355289421,0.007936507936507936,0.022151660877918165,0.06378939374762688,0.007936507936507936
88,"(33, 64)",0.036022515949263464,0.06095791001451379,0.007936507936507936,0.025085668000112395,0.07147922280527584,0.007936507936507936
89,"(67, 34)",0.02429748965739252,0.061931678545097076,0.007936507936507936,0.02715982768025323,0.0673076923076923,0.007936507936507936
90,"(64, 65)",0.07896018910166162,0.06166646274317876,0.007936507936507936,0.040935133907723804,0.07387862796833773,0.007936507936507936
91,"(66, 67)",0.0353119405819673,0.06435959647554591,0.007936507936507936,0.02620705453013183,0.07028308464649281,0.007936507936507936
92,"(49, 60)",0.003702105789344258,0.061931678545097076,0.007936507936507936,0.008162452251218104,0.06577916992952232,0.007936507936507936
93,"(60, 61)",0.0017910167924368426,0.0630709548241772,0.005952380952380952,0.00413201757282749,0.06713733848408153,0.005952380952380952
94,"(62, 63)",0.016135330357534186,0.060657118786857624,0.005952380952380952,0.01466329819140797,0.06609836065573771,0.005952380952380952
95,"(63, 50)",0.02592872290143495,0.05951818611242324,0.007936507936507936,0.015697800607230007,0.06440071556350627,0.007936507936507936
96,"(65, 68)",0.08856568270702482,0.06498194945848375,0.007936507936507936,0.048564173093308245,0.07698182373606231,0.007936507936507936
97,"(68, 69)",0.0825344301054326,0.061068702290076333,0.005952380952380952,0.05436423749140566,0.07962085308056872,0.005952380952380952
98,"(69, 70)",0.0020987387495481793,0.0576,0.005952380952380952,0.008026349885314974,0.07532506351815872,0.005952380952380952
99,"(70, 61)",0.019177650051634677,0.06678150258380813,0.005952380952380952,0.03515658333806726,0.07363038714390066,0.005952380952380952
100,"(61, 62)",0.022956738414648244,0.06451612903225806,0.007936507936507936,0.033030564328912576,0.06947890818858561,0.007936507936507936
101,"(62, 57)",0.00483333648653734,0.06068633353401565,0.003968253968253968,0.009450220072401434,0.06519208381839348,0.003968253968253968
102,"(57, 58)",0.007572709019292443,0.05813148788927336,0.005952380952380952,0.006428222260149929,0.061553492916463115,0.005952380952380952
103,"(53, 56)",0.0012569666064175193,0.055900621118012424,0.007936507936507936,0.004493151019827817,0.05878236529041288,0.007936507936507936
104,"(56, 57)",0.0007513009621785545,0.05691699604743083,0.005952380952380952,0.0024451654768002855,0.059921531328022824,0.005952380952380952
105,"(59, 54)",0.01748569887564778,0.05400771538791256,0.005952380952380952,0.003752901052677184,0.05741626794258373,0.005952380952380952
106,"(58, 59)",0.007572709019292443,0.05497981891567579,0.003968253968253968,0.001863723504242664,0.05870704717530577,0.003968253968253968
107,"(68, 71)",0.004043181031015924,0.06105390672319806,0.005952380952380952,0.006592422486041787,0.07293777134587555,0.005952380952380952
108,"(71, 60)",0.015301556188533294,0.06545454545454546,0.007936507936507936,0.025189262867703736,0.07142857142857142,0.007936507936507936
109,"(60, 63)",0.017212645185440696,0.06305517327661704,0.007936507936507936,0.02013338190231817,0.0674247491638796,0.007936507936507936
110,"(63, 56)",0.00741925264153999,0.05954631379962193,0.007936507936507936,0.012512439225107776,0.06346008562075044,0.007936507936507936
111,"(56, 59)",0.007924918285778963,0.0569041436152196,0.005952380952380952,0.005394088021465645,0.05995004163197336,0.005952380952380952
112,"(48, 67)",0.07717536429195049,0.054059851978976725,0.007936507936507936,0.03675279877103447,0.06746987951807229,0.007936507936507936
113,"(66, 49)",0.027072582739445277,0.06439248754311996,0.007936507936507936,0.03355413613257848,0.06981576395622663,0.007936507936507936
114,"(65, 66)",0.02696289810408763,0.06496519721577726,0.007936507936507936,0.029988423561330288,0.0724762726488352,0.007936507936507936
115,"(67, 64)",0.08818981521652486,0.06191646191646192,0.007936507936507936,0.03615114150261599,0.07109606432501057,0.007936507936507936
116,"(70, 71)",0.04668000037484224,0.066746126340882,0.007936507936507936,0.05765615471339627,0.07454518562342849,0.007936507936507936
117,"(71, 66)",0.03542162521732492,0.06542056074766354,0.007936507936507936,0.03462086307320393,0.07230989956958393,0.007936507936507936
118,"(69, 112)",0.0784476197853079,0.0576,0.005952380952380952,0.05708916348514466,0.08329201784828955,0.005952380952380952
119,"(115, 70)",0.06375891167692861,0.06682577565632458,0.005952380952380952,0.0896012497686429,0.07782581840642372,0.005952380952380952
120,"(29, 72)",0.01756771938076969,0.06134371957156767,0.005952380952380952,0.009355282529755812,0.0744240992321323,0.005952380952380952
121,"(72, 73)",0.005708583619510911,0.06380554500569692,0.005952380952380952,0.005560162564069047,0.07401967983551182,0.005952380952380952
122,"(74, 75)",0.016794105419301535,0.06621994481671266,0.005952380952380952,0.011711744255281601,0.0740414279418246,0.005952380952380952
123,"(75, 30)",0.015753919680166564,0.06496519721577726,0.007936507936507936,0.012944359850935625,0.07094594594594594,0.007936507936507936
124,"(64, 75)",0.04525214206412731,0.06166646274317876,0.007936507936507936,0.024614802950678902,0.0724762726488352,0.007936507936507936
125,"(75, 72)",0.04629232780326235,0.06496519721577726,0.007936507936507936,0.022514863309098198,0.07383533548198067,0.007936507936507936
126,"(72, 79)",0.05815146356452089,0.06383787207093097,0.005952380952380952,0.029146022798956228,0.0774074642911995,0.005952380952380952
127,"(79, 76)",0.08202823659636392,0.07088607594936709,0.007936507936507936,0.04701187196503112,0.08131655372700872,0.007936507936507936
128,"(76, 83)",0.03859426926382352,0.06625476534770607,0.005952380952380952,0.027060520819067183,0.07947019867549669,0.005952380952380952
129,"(83, 80)",0.03069793431977471,0.07043040804918949,0.007936507936507936,0.015656101833002242,0.0800381133873273,0.007936507936507936
130,"(81, 82)",0.04479662486994769,0.07352297592997811,0.007936507936507936,0.04544504234317467,0.08545269582909461,0.007936507936507936
131,"(82, 77)",0.04710685606110588,0.07046979865771812,0.007936507936507936,0.047613765518333774,0.0846489754786698,0.007936507936507936
132,"(77, 78)",0.03007430248726413,0.07043040804918949,0.007936507936507936,0.030256524460466526,0.0814611281719735,0.007936507936507936
133,"(78, 73)",0.047653913509241995,0.07129721318432593,0.005952380952380952,0.051086027851305955,0.0814874696847211,0.005952380952380952
134,"(73, 74)",0.05535056869932952,0.07088607594936709,0.007936507936507936,0.050755598559331996,0.07811531308121512,0.007936507936507936
135,"(74, 65)",0.03656839170945121,0.06625476534770607,0.005952380952380952,0.03154437143597893,0.07561890472618155,0.005952380952380952
136,"(76, 77)",0.04144589576196359,0.06621994481671266,0.005952380952380952,0.020453165778162342,0.08301762477351342,0.005952380952380952
137,"(77, 108)",0.05847844933580524,0.07045009784735812,0.007936507936507936,0.04178482518699121,0.08662770711584737,0.007936507936507936
138,"(108, 109)",0.029535920560132503,0.07125689240774777,0.007936507936507936,0.02438974689244119,0.08578723404255319,0.007936507936507936
139,"(110, 111)",0.04275574278359664,0.07386780008793786,0.007936507936507936,0.0409000039793479,0.08637532133676093,0.007936507936507936
140,"(111, 78)",0.03946831248324378,0.07274826789838337,0.007936507936507936,0.04642150099560091,0.08411214953271028,0.007936507936507936
141,"(78, 79)",0.021888701461266043,0.07125689240774777,0.005952380952380952,0.018711316456965985,0.08075628905624099,0.005952380952380952
142,"(109, 110)",0.05244789663465178,0.07405230678812812,0.007936507936507936,0.06503382305628459,0.08839003858295336,0.007936507936507936
143,"(110, 113)",0.04410361109693448,0.07386780008793786,0.007936507936507936,0.05744212449357357,0.08682170542635659,0.007936507936507936
144,"(113, 114)",0.027160859879030656,0.0727062896710906,0.005952380952380952,0.03795574239440519,0.08300395256916997,0.005952380952380952
145,"(115, 112)",0.01564094611879333,0.06675496688741722,0.005952380952380952,0.015195031608467609,0.0828266228430567,0.005952380952380952
146,"(112, 111)",0.03857815110300215,0.06667548617542003,0.007936507936507936,0.044693472350578745,0.08536585365853659,0.007936507936507936
147,"(111, 108)",0.04186558140335478,0.0727062896710906,0.007936507936507936,0.0392465784378621,0.08618331053351573,0.007936507936507936
148,"(112, 113)",0.055510414801099264,0.06664022213407378,0.007936507936507936,0.03733259999101704,0.08200455580865604,0.007936507936507936
149,"(113, 116)",0.07245316601900338,0.0727062896710906,0.007936507936507936,0.05572778067315971,0.08474861274592231,0.007936507936507936
150,"(117, 114)",0.0522389979166911,0.06435959647554591,0.003968253968253968,0.054680653281024144,0.0790836340812804,0.003968253968253968
151,"(114, 115)",0.08138792936629831,0.07149950347567031,0.007936507936507936,0.09880216841939941,0.08167233835683034,0.007936507936507936
152,"(116, 124)",0.06953685571369367,0.07149950347567031,0.007936507936507936,0.055319005816230817,0.08250122769684072,0.007936507936507936
153,"(124, 126)",0.0689081700900668,0.07059812298641266,0.007936507936507936,0.053962526322544654,0.08134280180761781,0.007936507936507936
154,"(129, 125)",0.05163652236699834,0.06411398040961709,0.003968253968253968,0.051395326370562024,0.07700534759358289,0.003968253968253968
155,"(125, 117)",0.06756712580753803,0.06872102536133079,0.007936507936507936,0.061287620195260434,0.0778138026864289,0.007936507936507936
156,"(109, 118)",0.022706955545637737,0.07409585416054101,0.005952380952380952,0.018993547166571055,0.0865533230293663,0.005952380952380952
157,"(119, 110)",0.03441145724587928,0.06904109589041096,0.007936507936507936,0.03249987381240797,0.08390211420009988,0.007936507936507936
158,"(118, 120)",0.029116983661147247,0.07386780008793786,0.007936507936507936,0.020038051484529095,0.0841964584029402,0.007936507936507936
159,"(121, 119)",0.02257704716523234,0.06832045546970313,0.007936507936507936,0.02050698606892502,0.08005082592121983,0.007936507936507936
160,"(117, 116)",0.013340056320270296,0.0643267389917039,0.005952380952380952,0.009843434756592797,0.0797847079309799,0.005952380952380952
161,"(116, 119)",0.01625636662557992,0.07149950347567031,0.007936507936507936,0.013967290155798395,0.08177835469738763,0.007936507936507936
162,"(119, 118)",0.004421956544932972,0.06904109589041096,0.005952380952380952,0.004235610636591281,0.08188464662875711,0.005952380952380952
163,"(120, 121)",0.011765217463172578,0.06881485527034407,0.005952380952380952,0.0066622921905368036,0.08112023177209078,0.005952380952380952
164,"(121, 122)",0.009784171013225257,0.06832045546970313,0.007936507936507936,0.008681975185598038,0.0797847079309799,0.007936507936507936
165,"(122, 123)",0.0014690860881573743,0.06400812801625604,0.003968253968253968,0.0014906113953206766,0.07794618001855862,0.003968253968253968
166,"(123, 124)",0.013313846246336474,0.06818181818181818,0.007936507936507936,0.009928898215764348,0.07807900852052672,0.007936507936507936
167,"(124, 125)",0.013942531869963193,0.07059812298641266,0.005952380952380952,0.008989371203373574,0.07904642409033877,0.005952380952380952
168,"(122, 130)",0.006327013354491344,0.06397562833206398,0.005952380952380952,0.0074891982883391744,0.08012718600953896,0.005952380952380952
169,"(130, 131)",0.016214757937634963,0.06818181818181818,0.007936507936507936,0.01570697042619059,0.08125100757697888,0.007936507936507936
170,"(132, 133)",0.02089477789003448,0.0687960687960688,0.007936507936507936,0.011347523151554493,0.0797847079309799,0.007936507936507936
171,"(133, 123)",0.009856688587602566,0.07044025157232704,0.005952380952380952,0.00691671728927692,0.07738369415016122,0.005952380952380952
172,"(131, 156)",0.017749455647069954,0.06414662084765177,0.007936507936507936,0.022035584805156976,0.08208469055374593,0.007936507936507936
173,"(156, 157)",0.028715537463052377,0.0687960687960688,0.007936507936507936,0.03353823185358201,0.08334711427153961,0.007936507936507936
174,"(157, 160)",0.0478732245604227,0.07291666666666667,0.007936507936507936,0.04165544942080562,0.08610968733982573,0.007936507936507936
175,"(160, 161)",0.017527802760158608,0.07102593010146561,0.007936507936507936,0.013383827914532258,0.083072358661612,0.007936507936507936
176,"(162, 163)",0.02781061983370143,0.06864614546445111,0.007936507936507936,0.0150212080869544,0.0825147347740668,0.007936507936507936
177,"(163, 158)",0.028634531240543874,0.06925931015528378,0.007936507936507936,0.016347054763935182,0.08165910563836681,0.007936507936507936
178,"(158, 159)",0.03799026700551268,0.07102593010146561,0.007936507936507936,0.020173709174425795,0.08215158924205379,0.007936507936507936
179,"(159, 132)",0.029014257228949104,0.07131739068911844,0.007936507936507936,0.017044825184325613,0.08047261695673,0.007936507936507936
180,"(161, 176)",0.010175981150136218,0.07093596059113301,0.007936507936507936,0.010875276678872668,0.0826907301066448,0.007936507936507936
181,"(176, 177)",0.006611184049369752,0.06864614546445111,0.005952380952380952,0.00884210119287034,0.07968379446640317,0.005952380952380952
182,"(178, 179)",0.01781015033157735,0.06671078755790867,0.005952380952380952,0.008710681974610892,0.08036995694466592,0.005952380952380952
183,"(179, 162)",0.019027747119206316,0.06906001644286106,0.007936507936507936,0.010912085615331442,0.08030592734225621,0.007936507936507936
184,"(126, 127)",0.06000578789795863,0.06872102536133079,0.007936507936507936,0.04907671973850558,0.08114635324424409,0.007936507936507936
185,"(127, 164)",0.0607358372156485,0.07044025157232704,0.007936507936507936,0.05053093839400597,0.08163265306122448,0.007936507936507936
186,"(164, 165)",0.053237763517158435,0.06844106463878327,0.007936507936507936,0.046295935533545676,0.08201790073230268,0.007936507936507936
187,"(165, 168)",0.05897848453496707,0.07131739068911844,0.007936507936507936,0.05203306719997943,0.083223249669749,0.007936507936507936
188,"(168, 169)",0.04586869842922807,0.06907894736842106,0.007936507936507936,0.043854674127345415,0.08025477707006369,0.007936507936507936
189,"(169, 172)",0.0483303487670147,0.06925931015528378,0.007936507936507936,0.05100540868374548,0.07998730360260276,0.007936507936507936
190,"(172, 173)",0.04244576631919244,0.06696784480467712,0.007936507936507936,0.04867141721582257,0.07709958696649839,0.007936507936507936
191,"(174, 175)",0.08294535945443206,0.0666049953746531,0.007936507936507936,0.053860467682571536,0.07657247037374658,0.007936507936507936
192,"(175, 170)",0.03917976040801788,0.0625,0.003968253968253968,0.03674555733073473,0.07642153146322972,0.003968253968253968
193,"(170, 171)",0.05119049350007452,0.06696784480467712,0.007936507936507936,0.044482796415591365,0.07856586126266563,0.007936507936507936
194,"(171, 166)",0.041126472861998165,0.06281939424155553,0.003968253968253968,0.04044320018549454,0.07801857585139318,0.003968253968253968
195,"(166, 167)",0.0552506834506028,0.06907894736842106,0.007936507936507936,0.04902250443563243,0.0787746170678337,0.007936507936507936
196,"(167, 128)",0.045903616729328946,0.0646734248684717,0.003968253968253968,0.045660018478512296,0.07783783783783783,0.003968253968253968
197,"(128, 129)",0.05950872884844234,0.06844106463878327,0.007936507936507936,0.053635205035131014,0.07766990291262135,0.007936507936507936
198,"(173, 202)",0.07450863601460021,0.0690978886756238,0.005952380952380952,0.09557112004257955,0.07621351882655376,0.005952380952380952
199,"(202, 203)",0.07793648163926493,0.0666049953746531,0.007936507936507936,0.09331100766263471,0.07210300429184549,0.007936507936507936
200,"(203, 206)",0.06577137702883228,0.0625,0.003968253968253968,0.08135433775573317,0.06841319397312338,0.003968253968253968
201,"(206, 207)",0.0692978373147359,0.060453400503778336,0.007936507936507936,0.08012840093104424,0.06519208381839348,0.007936507936507936
202,"(208, 209)",0.06472764884615213,0.055421156806685724,0.007936507936507936,0.04124313886563119,0.06242259103294526,0.007936507936507936
203,"(209, 204)",0.0612011885602485,0.05254926493587739,0.003968253968253968,0.04145244875347581,0.06534422403733955,0.003968253968253968
204,"(204, 205)",0.07336629317068113,0.060453400503778336,0.007936507936507936,0.0467112503024107,0.06867420629513557,0.007936507936507936
205,"(205, 174)",0.06993844754601644,0.05705229793977813,0.003968253968253968,0.045773606023714344,0.07236180904522613,0.003968253968253968
206,"(207, 210)",0.05732207285388199,0.05705229793977813,0.003968253968253968,0.06967086770814046,0.06228373702422145,0.003968253968253968
207,"(210, 211)",0.06103787328936433,0.055421156806685724,0.007936507936507936,0.0687620314559451,0.05970856533586068,0.007936507936507936
208,"(212, 213)",0.05646768482078053,0.05135520684736091,0.007936507936507936,0.035172639556551,0.05742935278030994,0.007936507936507936
209,"(213, 208)",0.052751884385298195,0.048879837067209775,0.003968253968253968,0.036036590327549224,0.059793569818483806,0.003968253968253968
210,"(175, 172)",0.041777527475837725,0.06246901338621715,0.005952380952380952,0.018164671395890373,0.07722954336500153,0.005952380952380952
211,"(172, 179)",0.04766210992365964,0.06696784480467712,0.007936507936507936,0.0251383443248566,0.08048546790162887,0.007936507936507936
212,"(179, 176)",0.04644451313603067,0.06906001644286106,0.007936507936507936,0.026849686231050433,0.08152701391135554,0.007936507936507936
213,"(177, 178)",0.06287993193540083,0.07144882336263113,0.007936507936507936,0.06820944271049043,0.08080808080808081,0.007936507936507936
214,"(178, 173)",0.04308171003324687,0.066746126340882,0.005952380952380952,0.05895346109886709,0.07865168539325842,0.005952380952380952
215,"(173, 174)",0.011018840337839042,0.06906001644286106,0.005952380952380952,0.0072148904453447705,0.07649112156624678,0.005952380952380952
216,"(176, 183)",0.05000931023679715,0.06864614546445111,0.007936507936507936,0.03222296787605965,0.08355437665782493,0.007936507936507936
217,"(182, 177)",0.054280676315454454,0.0715909090909091,0.005952380952380952,0.060050481205179244,0.0824607329842932,0.005952380952380952
218,"(120, 134)",0.015363694627398124,0.06885245901639345,0.003968253968253968,0.010565008396375216,0.0835682308074946,0.003968253968253968
219,"(135, 294)",0.017809244307398237,0.06401625809729455,0.005952380952380952,0.024817274481896436,0.08768267223382047,0.005952380952380952
220,"(134, 135)",0.025357961828424754,0.06832045546970313,0.007936507936507936,0.021266309402348946,0.08491996630160067,0.007936507936507936
221,"(297, 136)",0.012866996809768761,0.06439248754311996,0.005952380952380952,0.0064246177541319414,0.07962085308056872,0.005952380952380952
222,"(136, 137)",0.012665334523471392,0.06593406593406594,0.007936507936507936,0.010202008020129012,0.08073041806823643,0.007936507936507936
223,"(137, 121)",0.02059600071528501,0.06414662084765177,0.007936507936507936,0.017968824325236075,0.07998730360260276,0.007936507936507936
224,"(135, 136)",0.005560645950449981,0.06397562833206398,0.005952380952380952,0.005726356753747566,0.08201790073230268,0.005952380952380952
225,"(136, 131)",0.005762308236747324,0.06593406593406594,0.007936507936507936,0.006973991965578021,0.08113329040566646,0.007936507936507936
226,"(131, 132)",0.004227610527312317,0.06414662084765177,0.007936507936507936,0.00413732727241514,0.07943262411347518,0.007936507936507936
227,"(133, 130)",0.02582460640540742,0.07044025157232704,0.007936507936507936,0.01125738680906812,0.08092485549132948,0.007936507936507936
228,"(130, 137)",0.015936861822263736,0.06818181818181818,0.007936507936507936,0.008240604957817293,0.08096385542168674,0.007936507936507936
229,"(137, 134)",0.008006195630450104,0.06414662084765177,0.005952380952380952,0.004263511997569804,0.08084696823869104,0.005952380952380952
230,"(132, 127)",0.0123470898662269,0.0687960687960688,0.007936507936507936,0.009441367709432437,0.07965860597439545,0.007936507936507936
231,"(127, 128)",0.011617040548536746,0.07044025157232704,0.005952380952380952,0.007071801336125045,0.07889793362554791,0.005952380952380952
232,"(129, 126)",0.005884134910867363,0.06408137317228227,0.005952380952380952,0.002531014561562018,0.0773955773955774,0.005952380952380952
233,"(126, 133)",0.014786517102975502,0.06872102536133079,0.007936507936507936,0.007457484784200693,0.08016542070940035,0.007936507936507936
234,"(161, 162)",0.02126718457376156,0.07093596059113301,0.007936507936507936,0.01375471000904738,0.08243375858684986,0.007936507936507936
235,"(162, 169)",0.012484311859266432,0.06864614546445111,0.007936507936507936,0.011892974528078252,0.08056265984654731,0.007936507936507936
236,"(169, 170)",0.010022661521480094,0.06925931015528378,0.005952380952380952,0.004701832068388152,0.07834602829162132,0.005952380952380952
237,"(171, 168)",0.008075949067499767,0.06278809019558988,0.005952380952380952,0.006089065659836257,0.07972160708636507,0.005952380952380952
238,"(168, 163)",0.021185735173238695,0.06907894736842106,0.007936507936507936,0.016872075564128133,0.08304498269896193,0.007936507936507936
239,"(163, 160)",0.020361823766396215,0.06925931015528378,0.007936507936507936,0.019053918993253333,0.08404202101050526,0.007936507936507936
240,"(157, 158)",0.027232595800805406,0.07290611890640822,0.007936507936507936,0.020853008163803068,0.08446455505279035,0.007936507936507936
241,"(158, 165)",0.01787686003583655,0.07102593010146561,0.007936507936507936,0.015066075338724949,0.08266360505166476,0.007936507936507936
242,"(165, 166)",0.012136139018028043,0.07131739068911844,0.005952380952380952,0.007994367548168386,0.0801909307875895,0.005952380952380952
243,"(167, 164)",0.0073589951506972855,0.06464024624855713,0.005952380952380952,0.003010086441964743,0.07787391841779975,0.005952380952380952
244,"(164, 159)",0.01485706884918752,0.06844106463878327,0.007936507936507936,0.008874376512852397,0.08085993903417295,0.007936507936507936
245,"(159, 156)",0.02383307862575112,0.07131739068911844,0.007936507936507936,0.012187476525081856,0.08188464662875711,0.007936507936507936
246,"(296, 157)",0.046390282898175636,0.07570977917981073,0.00992063492063492,0.03585713019801481,0.08680675163623837,0.00992063492063492
247,"(156, 297)",0.012866996809768765,0.0687960687960688,0.005952380952380952,0.0051586849557447014,0.07969639468690702,0.005952380952380952
248,"(10, 11)",0.01985950416172654,0.06258537191108904,0.005952380952380952,0.009632062171524472,0.0757439134355275,0.005952380952380952
249,"(11, 80)",0.027480038586435926,0.065977222149496,0.007936507936507936,0.020606428507549252,0.07998730360260276,0.007936507936507936
250,"(80, 81)",0.0372881568516686,0.06939281288723669,0.007936507936507936,0.024964063171894407,0.08304498269896193,0.007936507936507936
251,"(82, 83)",0.025273682021032366,0.07045009784735812,0.007936507936507936,0.03001075040300614,0.08138220571613111,0.007936507936507936
252,"(83, 9)",0.03317001696508099,0.07046979865771812,0.007936507936507936,0.04024847926430584,0.07875,0.007936507936507936
253,"(9, 8)",0.013535153403088647,0.06939281288723669,0.005952380952380952,0.008986742919043446,0.07622504537205081,0.005952380952380952
254,"(81, 100)",0.03576615702609762,0.07352297592997811,0.007936507936507936,0.019254841866145452,0.08418239518957742,0.007936507936507936
255,"(103, 82)",0.027583913212190354,0.07073684210526315,0.005952380952380952,0.027771613312230384,0.08516390672524501,0.005952380952380952
256,"(89, 90)",0.003921576361934217,0.06189365098857915,0.005952380952380952,0.005349860038280339,0.07895973680087733,0.005952380952380952
257,"(90, 87)",0.014244382251093582,0.06877729257641921,0.00992063492063492,0.014731897277467846,0.08195121951219513,0.00992063492063492
258,"(87, 85)",0.013381569708360515,0.06895608154330278,0.007936507936507936,0.014458719262891306,0.08301762477351342,0.007936507936507936
259,"(85, 81)",0.0432746250443761,0.0748663101604278,0.00992063492063492,0.04000172944574409,0.08640493742499572,0.00992063492063492
260,"(80, 84)",0.02088981605454196,0.06941192673185512,0.007936507936507936,0.01222106692850931,0.08008898776418243,0.007936507936507936
261,"(84, 86)",0.02494477578970618,0.0734800991398163,0.007936507936507936,0.013237740453570365,0.08134280180761781,0.007936507936507936
262,"(86, 91)",0.014708855709281744,0.07050923335198657,0.007936507936507936,0.010104708417174642,0.07944514501891552,0.007936507936507936
263,"(91, 88)",0.013951816142245,0.06899383983572896,0.005952380952380952,0.008055137616960233,0.07778978237382313,0.005952380952380952
264,"(87, 96)",0.00911066105258101,0.06895608154330278,0.005952380952380952,0.004843474190143478,0.08047261695673,0.005952380952380952
265,"(86, 87)",0.011554858302941232,0.07046979865771812,0.00992063492063492,0.004987399826414722,0.07947019867549669,0.007936507936507936
266,"(87, 86)",0.0013189382225167513,0.0689372178908494,0.007936507936507936,0.0010203142712025667,0.07788595271210014,0.005952380952380952
267,"(84, 85)",0.0035169744946796917,0.07345867949278531,0.007936507936507936,0.0031864964762653206,0.08100289296046287,0.005952380952380952
268,"(85, 84)",0.007571934229843908,0.07484407484407485,0.00992063492063492,0.009804853750454276,0.08255528255528255,0.007936507936507936
269,"(7, 88)",0.03544768289869113,0.05862510177969059,0.003968253968253968,0.01825033283301902,0.0744240992321323,0.003968253968253968
270,"(88, 89)",0.05138757061151261,0.0659513216435488,0.007936507936507936,0.031917081432967606,0.07829734348298897,0.007936507936507936
271,"(90, 91)",0.05418692311666757,0.06877729257641921,0.007936507936507936,0.07839003824838249,0.08087291399229782,0.007936507936507936
272,"(91, 5)",0.054943962683704314,0.06901273449267424,0.007936507936507936,0.08217229798613133,0.0798605609253684,0.007936507936507936
273,"(99, 98)",0.03567302029306128,0.07345867949278531,0.007936507936507936,0.046861264124306905,0.08915620024765611,0.007936507936507936
274,"(98, 85)",0.03195994350060356,0.0765841057590032,0.007936507936507936,0.037108688207287396,0.08768267223382047,0.007936507936507936
275,"(89, 92)",0.04547792267900197,0.061924069295982306,0.003968253968253968,0.031227540401847418,0.07928268050967438,0.003968253968253968
276,"(92, 93)",0.07265739121923429,0.06877729257641921,0.007936507936507936,0.05202694307654193,0.08189795255118622,0.007936507936507936
277,"(94, 95)",0.06224181720227197,0.071136203246295,0.007936507936507936,0.08220861503031103,0.08597748208802457,0.007936507936507936
278,"(95, 90)",0.06450972900582706,0.07188703465982028,0.007936507936507936,0.08540949067311716,0.08480565371024736,0.007936507936507936
279,"(93, 94)",0.009732797470656031,0.06437603780814918,0.005952380952380952,0.007620340208601876,0.08429503261414953,0.005952380952380952
280,"(94, 97)",0.02141140087069582,0.071136203246295,0.007936507936507936,0.018607754644797032,0.08740894901144641,0.007936507936507936
281,"(97, 99)",0.011826237374474876,0.06647322606172514,0.005952380952380952,0.014641231797833198,0.08733321781320395,0.005952380952380952
282,"(99, 101)",0.03131394005769108,0.0734372723298849,0.007936507936507936,0.030155244082663055,0.08995181152953775,0.007936507936507936
283,"(100, 98)",0.012647499357595916,0.07045009784735812,0.007936507936507936,0.009861778591528465,0.08457794932035577,0.007936507936507936
284,"(98, 96)",0.016360576150053607,0.07663068268207389,0.005952380952380952,0.014679252242879241,0.08621279507355457,0.005952380952380952
285,"(96, 95)",0.027459308773211073,0.072,0.007936507936507936,0.019275525480923764,0.08428093645484949,0.007936507936507936
286,"(95, 92)",0.025191396969655992,0.07188703465982028,0.005952380952380952,0.015884559398218846,0.08225885425167292,0.005952380952380952
287,"(101, 102)",0.02424495226885571,0.0765841057590032,0.005952380952380952,0.022741470168470668,0.08786610878661087,0.005952380952380952
288,"(103, 100)",0.007480645229154159,0.070716991721622,0.005952380952380952,0.0033314314492985386,0.08369312520757223,0.005952380952380952
289,"(100, 101)",0.030599302897655636,0.07045009784735812,0.007936507936507936,0.014046446971038412,0.08538031509401998,0.007936507936507936
290,"(101, 104)",0.037668290686491,0.07660738714090287,0.005952380952380952,0.017163061454593984,0.08845208845208845,0.005952380952380952
291,"(104, 105)",0.10730328085542044,0.07606399034108059,0.007936507936507936,0.07486704418520831,0.09224011713030747,0.007936507936507936
292,"(106, 107)",0.007658414591814194,0.07188703465982028,0.007936507936507936,0.009779457299351042,0.08662770711584737,0.007936507936507936
293,"(107, 102)",0.010819606172488876,0.07407407407407407,0.005952380952380952,0.012938226477232735,0.08540925266903915,0.005952380952380952
294,"(102, 103)",0.03705263001192102,0.07606399034108059,0.007936507936507936,0.03216037988320346,0.08728784205057152,0.007936507936507936
295,"(105, 106)",0.008344732789729477,0.070716991721622,0.005952380952380952,0.012514378250683852,0.08856088560885608,0.005952380952380952
296,"(106, 109)",0.04561893162015714,0.07192807192807193,0.007936507936507936,0.062253457883387354,0.08778958369622017,0.007936507936507936
297,"(108, 107)",0.07080811017902754,0.07127704709376326,0.007936507936507936,0.05590163997845243,0.08832807570977919,0.007936507936507936
298,"(107, 104)",0.06764691859835287,0.07405230678812812,0.005952380952380952,0.049603092051470773,0.08895164136957288,0.005952380952380952
299,"(105, 138)",0.09697047649511442,0.07073684210526315,0.005952380952380952,0.0709648547624313,0.09326424870466321,0.005952380952380952
300,"(138, 140)",0.06636216593792571,0.07188703465982028,0.007936507936507936,0.05601377579156616,0.0924092409240924,0.007936507936507936
301,"(141, 139)",0.06012222969287202,0.07394366197183098,0.007936507936507936,0.07031613287086627,0.09203798392987582,0.007936507936507936
302,"(139, 106)",0.04493261342224187,0.06891836455626965,0.005952380952380952,0.05968381111936811,0.09017713365539452,0.005952380952380952
303,"(97, 142)",0.007597091925644418,0.0664381755866069,0.005952380952380952,0.007629215042087617,0.08694152147662584,0.005952380952380952
304,"(143, 99)",0.05516072297627734,0.0773955773955774,0.007936507936507936,0.06383922763152237,0.09176984705025491,0.007936507936507936
305,"(142, 144)",0.024537314400438975,0.07337312563691949,0.007936507936507936,0.019572804469258114,0.08873239436619719,0.007936507936507936
306,"(145, 143)",0.05795931655873913,0.07360887980137286,0.007936507936507936,0.061221363722650454,0.09202117947781632,0.007936507936507936
307,"(144, 150)",0.02546306428134506,0.07289557419728088,0.007936507936507936,0.02564835222023039,0.0890302066772655,0.007936507936507936
308,"(150, 152)",0.01529263998910405,0.06799784133837021,0.003968253968253968,0.01781570305220078,0.08688157214273401,0.003968253968253968
309,"(153, 151)",0.07597296770297104,0.07616744748375397,0.007936507936507936,0.060881702501812796,0.09195402298850575,0.007936507936507936
310,"(151, 145)",0.06705749445015871,0.07302231237322515,0.007936507936507936,0.059436921874273047,0.0923415170392085,0.007936507936507936
311,"(93, 146)",0.06093652217800181,0.06440894568690096,0.003968253968253968,0.04940860247790569,0.08259587020648967,0.003968253968253968
312,"(146, 148)",0.08868757694789597,0.071136203246295,0.007936507936507936,0.09366491266445803,0.08517829981409498,0.007936507936507936
313,"(149, 147)",0.0700151774367197,0.0704008939796061,0.007936507936507936,0.07776376862610403,0.08812729498164015,0.007936507936507936
314,"(147, 94)",0.07392042060231176,0.0728744939271255,0.007936507936507936,0.08596952940052865,0.08862317566379461,0.007936507936507936
315,"(143, 142)",0.04660844883970415,0.07737181455326989,0.007936507936507936,0.04186075760232727,0.09183673469387756,0.007936507936507936
316,"(142, 147)",0.029668226364909595,0.07337312563691949,0.007936507936507936,0.03535100676767058,0.08921933085501858,0.007936507936507936
317,"(147, 146)",0.025762983199317573,0.0728744939271255,0.005952380952380952,0.0313554509791249,0.08602150537634409,0.005952380952380952
318,"(148, 149)",0.009641082705079676,0.0664381755866069,0.005952380952380952,0.01626427510098145,0.08716707021791767,0.005952380952380952
319,"(139, 138)",0.013201544700053644,0.06888068880688807,0.005952380952380952,0.017031352174882036,0.09153650563022157,0.005952380952380952
320,"(138, 143)",0.043809855257242326,0.07190754743900699,0.007936507936507936,0.04182520393058958,0.09229078923274125,0.007936507936507936
321,"(149, 144)",0.04179683033524269,0.07043040804918949,0.007936507936507936,0.03933009703437877,0.09027404621171413,0.007936507936507936
322,"(144, 145)",0.040871080454336586,0.0728744939271255,0.007936507936507936,0.03988779615236417,0.0923415170392085,0.007936507936507936
323,"(145, 140)",0.04996925834575605,0.07363038714390066,0.007936507936507936,0.046014632551918226,0.09304042828133653,0.007936507936507936
324,"(140, 141)",0.045663348062022234,0.07737181455326989,0.005952380952380952,0.04119572466701304,0.0913871260199456,0.005952380952380952
325,"(140, 293)",0.07066807622165952,0.0773955773955774,0.007936507936507936,0.0675353223446639,0.09314359637774904,0.007936507936507936
326,"(293, 154)",0.059961009726701375,0.07613293051359517,0.007936507936507936,0.06207282605375098,0.09113924050632911,0.007936507936507936
327,"(155, 298)",0.011258884611039391,0.07285342584562012,0.005952380952380952,0.011793097453524673,0.08344370860927153,0.005952380952380952
328,"(294, 141)",0.01247081006027328,0.07124681933842239,0.005952380952380952,0.02335690252182634,0.08953632972108723,0.005952380952380952
329,"(150, 151)",0.008182352721664472,0.0679886685552408,0.005952380952380952,0.0091828662715399,0.09024171888988362,0.005952380952380952
330,"(151, 293)",0.017097825974476795,0.07300115874855156,0.007936507936507936,0.014658368589533295,0.09025787965616046,0.007936507936507936
331,"(293, 295)",0.027804892469434926,0.07616744748375397,0.007936507936507936,0.02089055851789554,0.08969567538707955,0.007936507936507936
332,"(295, 296)",0.020925646403878156,0.07085617882749895,0.003968253968253968,0.012203995285768538,0.08649390767118587,0.003968253968253968
333,"(294, 296)",0.010229608742105193,0.07127704709376326,0.005952380952380952,0.020567530174537326,0.08728784205057152,0.005952380952380952
334,"(298, 296)",0.011258884611039388,0.06794284173631707,0.003968253968253968,0.008153903267954971,0.08311345646437995,0.003968253968253968
335,"(295, 294)",0.004891174494980232,0.0708362614195362,0.005952380952380952,0.011633194878254658,0.08921933085501858,0.005952380952380952
336,"(154, 153)",0.059884204988034935,0.07850467289719626,0.007936507936507936,0.04794497326165306,0.09151988378427456,0.007936507936507936
337,"(153, 152)",0.024267250376665335,0.0761904761904762,0.005952380952380952,0.02152041373937222,0.08851422550052687,0.005952380952380952
338,"(155, 154)",0.06638996958276579,0.07286395836345236,0.007936507936507936,0.05972786405906853,0.08887321460059955,0.007936507936507936
339,"(155, 161)",0.013915362963739152,0.07284289637230813,0.007936507936507936,0.01422973111738198,0.08415428285189513,0.007936507936507936
340,"(160, 155)",0.05070724556666053,0.07103594080338266,0.00992063492063492,0.05014550814805611,0.08662770711584737,0.00992063492063492
341,"(154, 180)",0.06646677432143201,0.07852913680274229,0.007936507936507936,0.06682402031888539,0.0911887099692419,0.007936507936507936
342,"(180, 181)",0.04763445370517222,0.07700534759358289,0.007936507936507936,0.043794554790626015,0.08803493449781659,0.007936507936507936
343,"(182, 183)",0.050233895627077765,0.07155025553662692,0.007936507936507936,0.034566923282013606,0.08423867624937323,0.007936507936507936
344,"(183, 155)",0.04284504316146012,0.07144882336263113,0.00992063492063492,0.0400436807952704,0.08609497779296207,0.00992063492063492
345,"(152, 184)",0.04154796193634598,0.07306465642215135,0.007936507936507936,0.05250027653596068,0.08798882681564246,0.007936507936507936
346,"(184, 185)",0.0488463963009547,0.07174377224199288,0.007936507936507936,0.07599073220171731,0.0851063829787234,0.007936507936507936
347,"(186, 187)",0.032871279523717795,0.06729870476699158,0.007936507936507936,0.026436789571147402,0.0877742946708464,0.007936507936507936
348,"(187, 153)",0.04035601309160148,0.07498884094628776,0.007936507936507936,0.035980857886888304,0.08998393144081414,0.007936507936507936
349,"(185, 186)",0.04233667972011721,0.07035175879396985,0.007936507936507936,0.0448693206917502,0.08591885441527446,0.007936507936507936
350,"(186, 181)",0.03053263170239883,0.06729870476699158,0.007936507936507936,0.03237187985539821,0.08388814913448735,0.007936507936507936
351,"(181, 182)",0.05387506471217796,0.0749665327978581,0.007936507936507936,0.0536989255445365,0.08556876061120543,0.007936507936507936
352,"(183, 180)",0.05739816270241472,0.07144882336263113,0.007936507936507936,0.032190215752497676,0.08661282007217735,0.007936507936507936
353,"(180, 187)",0.07623048331867462,0.07702888583218707,0.007936507936507936,0.050885965259800575,0.09035496593761205,0.007936507936507936
354,"(187, 184)",0.06874574975079098,0.0749665327978581,0.007936507936507936,0.0570160448039639,0.08857644991212654,0.007936507936507936
355,"(148, 196)",0.07705842267223972,0.0664819944598338,0.003968253968253968,0.08933934358956844,0.0835405271009448,0.003968253968253968
356,"(196, 197)",0.10635638771644156,0.07112616426756986,0.007936507936507936,0.1035586079950526,0.08281301347354585,0.007936507936507936
357,"(197, 274)",0.07410996981076506,0.06647322606172514,0.003968253968253968,0.0901399240092825,0.0782122905027933,0.003968253968253968
358,"(274, 275)",0.07986906602711775,0.0655993752440453,0.007936507936507936,0.09211395620494937,0.07420494699646643,0.007936507936507936
359,"(275, 278)",0.06482441330850885,0.06167400881057269,0.003968253968253968,0.0829971940292451,0.07051909892262488,0.003968253968253968
360,"(277, 276)",0.07929117472038522,0.04019138755980861,0.003968253968253968,0.05355792536349462,0.07089604726403151,0.003968253968253968
361,"(276, 273)",0.09433582743899421,0.0605114659623004,0.007936507936507936,0.06350747379478844,0.07475526549985168,0.007936507936507936
362,"(273, 200)",0.08857673122264154,0.057110481586402265,0.005952380952380952,0.06384941525588932,0.07882389740381608,0.005952380952380952
363,"(200, 198)",0.061718971882987785,0.05407145156099131,0.005952380952380952,0.03642294242656245,0.08130343603807065,0.005952380952380952
364,"(198, 201)",0.06803350315432583,0.06491499227202473,0.007936507936507936,0.04101422168834356,0.08365145228215767,0.007936507936507936
365,"(201, 195)",0.06755376630707975,0.06806212018906145,0.005952380952380952,0.044475670000069085,0.0865236051502146,0.005952380952380952
366,"(200, 199)",0.024869687769077168,0.054100472305710606,0.003968253968253968,0.031073518345385857,0.07902163687676388,0.003968253968253968
367,"(197, 198)",0.0302583463351001,0.066429418742586,0.005952380952380952,0.013480328782338808,0.08208469055374593,0.005952380952380952
368,"(198, 199)",0.023943815063762055,0.06496519721577726,0.005952380952380952,0.014939179514947689,0.08104196816208394,0.005952380952380952
369,"(199, 185)",0.0508015744034157,0.06178742184626701,0.007936507936507936,0.05139164289581456,0.08301762477351342,0.007936507936507936
370,"(184, 194)",0.061447315386182255,0.07177442324124181,0.007936507936507936,0.06047309224512194,0.08742411101474415,0.007936507936507936
371,"(194, 195)",0.03262908718922635,0.06702127659574468,0.003968253968253968,0.04531217971375171,0.08715199723326993,0.003968253968253968
372,"(194, 201)",0.02683015662637926,0.06703019018486502,0.005952380952380952,0.015026312411920503,0.08526476061580104,0.005952380952380952
373,"(201, 196)",0.027309893473625342,0.06802537454447294,0.005952380952380952,0.012723881915996226,0.08154020385050963,0.005952380952380952
374,"(195, 149)",0.10217092506688266,0.0665083135391924,0.007936507936507936,0.09267905238924552,0.0897276126045932,0.007936507936507936
375,"(275, 276)",0.013056581148032443,0.06158357771260997,0.003968253968253968,0.0033752887817736074,0.07173356105892399,0.003968253968253968
376,"(273, 274)",0.0037710246457761365,0.057078142695356736,0.003968253968253968,0.0033752887817736074,0.07173356105892399,0.003968253968253968
377,"(185, 188)",0.05731129098425314,0.07041072925398156,0.007936507936507936,0.08441200578387671,0.08134280180761781,0.007936507936507936
378,"(193, 186)",0.021067231505999477,0.06679920477137177,0.005952380952380952,0.007854854614654508,0.08387418871692462,0.005952380952380952
379,"(181, 192)",0.024292020695393227,0.0749665327978581,0.005952380952380952,0.0171825426441324,0.08404202101050526,0.005952380952380952
380,"(191, 182)",0.0506395072303543,0.057692307692307696,0.005952380952380952,0.04078907705556734,0.08053691275167785,0.005952380952380952
381,"(193, 188)",0.019418410173877368,0.06681691634628133,0.005952380952380952,0.014702402214327564,0.07762205452025257,0.005952380952380952
382,"(188, 189)",0.010402860614093217,0.06735266604303088,0.005952380952380952,0.007814280720967662,0.0774074642911995,0.005952380952380952
383,"(189, 190)",0.012548715642652024,0.06471494607087827,0.005952380952380952,0.008020550622791963,0.07553956834532374,0.005952380952380952
384,"(190, 191)",0.06882119978541451,0.06115762650163815,0.007936507936507936,0.039665105655178896,0.07726506208799631,0.007936507936507936
385,"(191, 192)",0.016193620984483653,0.057665903890160186,0.003968253968253968,0.0023083364524737375,0.07724137931034483,0.003968253968253968
386,"(192, 193)",0.04247371325045337,0.07155025553662692,0.007936507936507936,0.020340876124596164,0.08096385542168674,0.007936507936507936
387,"(188, 270)",0.06632684054403722,0.06738868832731648,0.005952380952380952,0.08449700734493075,0.07629427792915532,0.005952380952380952
388,"(272, 299)",0.05643026760074475,0.056143477776540045,0.005952380952380952,0.027987189210922442,0.07008760951188986,0.005952380952380952
389,"(299, 189)",0.00015778345798226514,0.05321507760532151,0.003968253968253968,0.0012397112302866184,0.07106598984771574,0.003968253968253968
390,"(299, 190)",0.054284412572185935,0.05320945945945946,0.003968253968253968,0.029336957384230544,0.07282184655396619,0.003968253968253968
391,"(270, 269)",0.06971425415759398,0.06494845360824743,0.007936507936507936,0.08177404720213154,0.07179487179487179,0.007936507936507936
392,"(269, 268)",0.05426528132790548,0.06103911832384643,0.003968253968253968,0.06465513552290728,0.06819104316060073,0.003968253968253968
393,"(268, 266)",0.05786866104957546,0.059419948125442115,0.007936507936507936,0.0628111859198337,0.06503225806451612,0.007936507936507936
394,"(266, 263)",0.045918536400643646,0.056130972268626796,0.003968253968253968,0.04956607655899852,0.0621838371375694,0.003968253968253968
395,"(263, 264)",0.04965997664804811,0.05489000217817469,0.007936507936507936,0.04773831368518581,0.05963085660198769,0.007936507936507936
396,"(264, 259)",0.03783410647227738,0.05207149498915177,0.003968253968253968,0.03642123438585965,0.057279236276849645,0.003968253968253968
397,"(259, 260)",0.04169980119284288,0.05114674243961843,0.007936507936507936,0.034593405520358375,0.0551543007222587,0.007936507936507936
398,"(260, 255)",0.029960711918962442,0.0486909477345184,0.003968253968253968,0.024532462022689112,0.05318138651471985,0.003968253968253968
399,"(255, 256)",0.033913187541418185,0.04792696842906048,0.007936507936507936,0.022760721608693232,0.05138662316476346,0.007936507936507936
400,"(256, 251)",0.023605983148726712,0.04576409697630074,0.003968253968253968,0.013623775747465622,0.04972866304884065,0.003968253968253968
401,"(251, 252)",0.02899034365237151,0.045112781954887216,0.007936507936507936,0.013025585891066017,0.04822966507177034,0.007936507936507936
402,"(252, 247)",0.021933478494114686,0.04319136172765447,0.003968253968253968,0.007179808906998359,0.04814673290026748,0.003968253968253968
403,"(247, 248)",0.03213549391481798,0.04336602994321115,0.007936507936507936,0.015813778442388546,0.04934403759545722,0.007936507936507936
404,"(248, 289)",0.028367230479556537,0.0415944540727903,0.005952380952380952,0.017025471138509357,0.051255974778806064,0.005952380952380952
405,"(289, 290)",0.018967280970263085,0.0399746192893401,0.003968253968253968,0.016888244856675658,0.053019145802650956,0.003968253968253968
406,"(289, 291)",0.007411877938716904,0.039961941008563276,0.005952380952380952,0.003455400873609688,0.05180921052631579,0.005952380952380952
407,"(246, 245)",0.022238920971525356,0.044214404772348455,0.007936507936507936,0.017420339376275195,0.04779063151905936,0.007936507936507936
408,"(245, 250)",0.012036905550822048,0.04236718224613315,0.003968253968253968,0.013313609745962077,0.046984245362170225,0.003968253968253968
409,"(250, 249)",0.019093770709078868,0.04336602994321115,0.007936507936507936,0.01547818756215473,0.04690117252931323,0.007936507936507936
410,"(249, 254)",0.013709410205434059,0.04158758973512666,0.003968253968253968,0.01522644306961053,0.047954329210275926,0.003968253968253968
411,"(254, 253)",0.024016614598125537,0.045112781954887216,0.007936507936507936,0.019844424733894053,0.049484536082474224,0.007936507936507936
412,"(253, 258)",0.020064138975669797,0.04319136172765447,0.003968253968253968,0.01987590145258527,0.05113636363636364,0.003968253968253968
413,"(258, 257)",0.03180322824955032,0.04792696842906048,0.007936507936507936,0.024679678771433913,0.052946738102741885,0.007936507936507936
414,"(257, 262)",0.027937533528984825,0.04576409697630074,0.003968253968253968,0.024035439166968937,0.05489000217817469,0.003968253968253968
415,"(262, 261)",0.039763403704755576,0.05114674243961843,0.007936507936507936,0.029020653305159693,0.057032929727283015,0.007936507936507936
416,"(261, 265)",0.03602196345735111,0.0486909477345184,0.003968253968253968,0.02731715013978894,0.05934997644842204,0.003968253968253968
417,"(265, 267)",0.04797208810628294,0.05489000217817469,0.007936507936507936,0.03251820766764912,0.061924069295982306,0.007936507936507936
418,"(267, 271)",0.044368708384612945,0.05207149498915177,0.003968253968253968,0.029133685985139875,0.06476484194294525,0.003968253968253968
419,"(271, 272)",0.059817681214301505,0.059419948125442115,0.007936507936507936,0.03468503327579289,0.0679886685552408,0.007936507936507936
420,"(291, 292)",0.008958155826943103,0.044017467248908294,0.005952380952380952,0.00447455266367867,0.0520016508460586,0.005952380952380952
421,"(292, 242)",0.05693918499584513,0.05022421524663677,0.007936507936507936,0.06568541447543914,0.05387493319080706,0.007936507936507936
422,"(244, 246)",0.018470657536263913,0.044919786096256686,0.003968253968253968,0.01765862577013285,0.048894062863795114,0.003968253968253968
423,"(243, 244)",0.06150937346442877,0.04699300699300699,0.007936507936507936,0.03199170421827915,0.05091423376098596,0.007936507936507936
424,"(244, 291)",0.04105064435758838,0.04489977728285078,0.005952380952380952,0.009405084105579267,0.05209840810419682,0.005952380952380952
425,"(291, 290)",0.03950436646936219,0.044036697247706424,0.005952380952380952,0.013526794436811197,0.05350886505998514,0.005952380952380952
426,"(287, 292)",0.045992957598325494,0.05025927403270842,0.003968253968253968,0.06535356832604566,0.05562913907284768,0.003968253968253968
427,"(290, 288)",0.06045971901020179,0.04245998315080034,0.005952380952380952,0.035725077766574354,0.05545774647887324,0.005952380952380952
428,"(242, 243)",0.023854459223494988,0.04784053156146179,0.003968253968253968,0.013144660887503873,0.05180921052631579,0.003968253968253968
429,"(285, 286)",0.0028598251759285554,0.04756511891279728,0.003968253968253968,0.0022977287197000033,0.055776892430278883,0.003968253968253968
430,"(287, 288)",0.0216912808861119,0.05022922064979071,0.003968253968253968,0.0022977287197000033,0.055776892430278883,0.003968253968253968
431,"(288, 285)",0.0841390714668903,0.049925705794948,0.007936507936507936,0.043118579864540145,0.05750798722044728,0.007936507936507936
432,"(242, 241)",0.031096654201773485,0.04785870287721964,0.003968253968253968,0.04237759513438599,0.05174537987679671,0.003968253968253968
433,"(241, 240)",0.03449639464798511,0.04697986577181208,0.007936507936507936,0.04030133107869795,0.04984670161210563,0.007936507936507936
434,"(240, 239)",0.023077774847513565,0.04489977728285078,0.003968253968253968,0.026801274974121027,0.048183556405353725,0.003968253968253968
435,"(239, 238)",0.027350719943378284,0.04433497536945813,0.007936507936507936,0.024923507568477016,0.04680969629423238,0.007936507936507936
436,"(234, 235)",0.03192090841196211,0.042893617021276594,0.007936507936507936,0.023476477610829483,0.0457516339869281,0.007936507936507936
437,"(235, 236)",0.027647963316097385,0.041152935412754145,0.003968253968253968,0.02005966021816269,0.04644733204312967,0.003968253968253968
438,"(236, 237)",0.039066583116568895,0.04433497536945813,0.007936507936507936,0.02374204579417144,0.047637051039697544,0.007936507936507936
439,"(237, 243)",0.035666842670357295,0.04248145650708024,0.003968253968253968,0.01995137586714977,0.049094097019286964,0.003968253968253968
440,"(286, 287)",0.06967231005501393,0.05286898143291723,0.007936507936507936,0.07360978941236929,0.05757368060315284,0.007936507936507936
441,"(238, 231)",0.018650934528881134,0.04247787610619469,0.003968253968253968,0.015398661952864592,0.04579320370706887,0.003968253968253968
442,"(231, 232)",0.025642714010720255,0.042893617021276594,0.007936507936507936,0.014836295588854256,0.045323741007194246,0.007936507936507936
443,"(233, 230)",0.030212902479304082,0.04310639753677729,0.007936507936507936,0.02872743072202062,0.0456811384029729,0.007936507936507936
444,"(230, 234)",0.023221122997464955,0.04134875707605218,0.003968253968253968,0.021766716108418318,0.04554491234411712,0.003968253968253968
445,"(232, 228)",0.018416231635132514,0.041152935412754145,0.003968253968253968,0.008653619616486504,0.04518153294486777,0.003968253968253968
446,"(228, 229)",0.027085117789108125,0.04310639753677729,0.005952380952380952,0.009172675433115056,0.04537678941208247,0.005952380952380952
447,"(226, 227)",0.0031188530194494403,0.03970379706948164,0.005952380952380952,0.0019650493705247038,0.044700665188470066,0.005952380952380952
448,"(227, 233)",0.02298642010371633,0.04259994928577466,0.005952380952380952,0.029499788616570235,0.04615807308361571,0.005952380952380952
449,"(284, 286)",0.06482441330850883,0.04976303317535545,0.003968253968253968,0.07265650619061419,0.05960969840331165,0.003968253968253968
450,"(285, 283)",0.07929117472038522,0.047619047619047616,0.003968253968253968,0.04292926037861404,0.0595956012770486,0.003968253968253968
451,"(281, 284)",0.06482441330850883,0.05228758169934641,0.003968253968253968,0.07509923950651189,0.061855670103092786,0.003968253968253968
452,"(283, 282)",0.07929117472038524,0.04551612029260363,0.003968253968253968,0.04544153590586343,0.061931678545097076,0.003968253968253968
453,"(280, 281)",0.06482441330850884,0.05508196721311476,0.003968253968253968,0.07763695559850314,0.06440894568690096,0.003968253968253968
454,"(282, 279)",0.07929117472038523,0.043591074208614425,0.003968253968253968,0.048050409972388644,0.06455744844370437,0.003968253968253968
455,"(278, 280)",0.06482441330850885,0.05819189470038102,0.003968253968253968,0.080269654466588,0.06725380304243395,0.003968253968253968
456,"(279, 277)",0.07929117472038522,0.041822255414488425,0.003968253968253968,0.050755868398303726,0.06752411575562701,0.003968253968253968
457,"(248, 246)",0.0017801918646849061,0.041573867854491464,0.003968253968253968,0.001381763827273024,0.04765056254136334,0.003968253968253968
458,"(245, 247)",0.008213943850126753,0.042352941176470586,0.003968253968253968,0.001381763827273024,0.04765056254136334,0.003968253968253968
459,"(252, 250)",0.0050687935876802676,0.04317656129529684,0.003968253968253968,0.0008068856256257071,0.04694485842026826,0.003968253968253968
460,"(249, 251)",0.003396288933068257,0.041573867854491464,0.003968253968253968,0.0008068856256257071,0.04694485842026826,0.003968253968253968
461,"(256, 254)",0.00831913282211493,0.045747481165471546,0.003968253968253968,0.0010267371460613288,0.049930651872399444,0.003968253968253968
462,"(253, 255)",0.001964404051879201,0.04317656129529684,0.003968253968253968,0.0010267371460613288,0.049930651872399444,0.003968253968253968
463,"(260, 258)",0.009751017703303985,0.04867213906325447,0.003968253968253968,0.0014478659321576748,0.053480475382003394,0.003968253968253968
464,"(257, 259)",0.001877623149988955,0.045747481165471546,0.003968253968253968,0.0014478659321576748,0.053480475382003394,0.003968253968253968
465,"(264, 262)",0.009837798605194233,0.05204998450893318,0.003968253968253968,0.0020721147151726163,0.05767910276951248,0.003968253968253968
466,"(261, 263)",0.0017533686768279216,0.04867213906325447,0.003968253968253968,0.0020721147151726163,0.05767910276951248,0.003968253968253968
467,"(266, 265)",0.009962053078355267,0.056105977958365805,0.003968253968253968,0.0030343439896490065,0.0627177700348432,0.003968253968253968
468,"(267, 268)",0.0016153081510934394,0.05204998450893318,0.003968253968253968,0.0030343439896490065,0.0627177700348432,0.003968253968253968
469,"(269, 271)",0.013460901259111998,0.06100956300689989,0.003968253968253968,0.004897638361725259,0.06899383983572896,0.003968253968253968
470,"(272, 270)",0.0013993420429802138,0.056105977958365805,0.003968253968253968,0.004897638361725259,0.06899383983572896,0.003968253968253968
471,"(229, 226)",0.027085117789108125,0.04133519232346428,0.005952380952380952,0.00769640021609346,0.04508856682769726,0.005952380952380952
472,"(226, 225)",0.021978193199082147,0.03971631205673759,0.003968253968253968,0.008741585213372429,0.0457516339869281,0.003968253968253968
473,"(225, 222)",0.03260293680096292,0.04258555133079848,0.007936507936507936,0.01409401869482289,0.046848856664807585,0.007936507936507936
474,"(222, 220)",0.028607070727562058,0.04086928316574765,0.003968253968253968,0.015992667700725657,0.0481881633043312,0.003968253968253968
475,"(220, 221)",0.04030276955049747,0.04488778054862843,0.007936507936507936,0.021492513015681947,0.049743387287801026,0.007936507936507936
476,"(221, 216)",0.03646863152152843,0.04298507462686567,0.003968253968253968,0.023249532559418702,0.051423324150596875,0.003968253968253968
477,"(216, 217)",0.04832605838889566,0.04789053591790194,0.007936507936507936,0.028575724523893606,0.05326569435637286,0.007936507936507936
478,"(214, 215)",0.052896246857479456,0.05135520684736091,0.007936507936507936,0.05863167054117584,0.05519658306866718,0.007936507936507936
479,"(215, 218)",0.04103881999011224,0.048879837067209775,0.003968253968253968,0.04982244757532169,0.05320945945945946,0.003968253968253968
480,"(218, 219)",0.04487295801908128,0.04789053591790194,0.007936507936507936,0.04957018749429849,0.051402345741968385,0.007936507936507936
481,"(219, 223)",0.03317725919614588,0.04573087741584248,0.003968253968253968,0.0413583612760618,0.0497139475241665,0.003968253968253968
482,"(223, 224)",0.03717312526954674,0.04488778054862843,0.007936507936507936,0.04204201403107811,0.0481881633043312,0.007936507936507936
483,"(224, 227)",0.02654838166766597,0.04298507462686567,0.005952380952380952,0.0352847102659261,0.04697986577181208,0.005952380952380952
484,"(227, 228)",0.006680814583399076,0.04258555133079848,0.005952380952380952,0.004852726319781973,0.04560260586319218,0.005952380952380952
485,"(211, 214)",0.04912127762525376,0.05254926493587739,0.003968253968253968,0.0592618749416912,0.05733788395904437,0.003968253968253968
486,"(217, 212)",0.04455108915666997,0.04573087741584248,0.003968253968253968,0.029941471051907018,0.055244985202236106,0.003968253968253968
487,"(240, 236)",0.009430548229895006,0.0448837830617152,0.003968253968253968,0.0028810334925446985,0.048215823208648236,0.003968253968253968
488,"(237, 241)",0.0014116688756350784,0.042463560535849695,0.003968253968253968,0.0028810334925446985,0.048215823208648236,0.003968253968253968
489,"(238, 234)",0.006711713843920601,0.042463560535849695,0.003968253968253968,0.001597631761085666,0.04571013966987121,0.003968253968253968
490,"(235, 239)",0.0022848735252881803,0.04113949881642315,0.003968253968253968,0.001597631761085666,0.04571013966987121,0.003968253968253968
491,"(230, 231)",0.005003707911262583,0.04133519232346428,0.003968253968253968,0.0015364165207498125,0.044923789999108656,0.003968253968253968
492,"(232, 233)",0.005238410805011202,0.04113949881642315,0.003968253968253968,0.0015364165207498125,0.044923789999108656,0.003968253968253968
493,"(224, 225)",0.008636672031304238,0.04297041521016284,0.003968253968253968,0.001011536446828991,0.046580406654343806,0.003968253968253968
494,"(222, 223)",0.002007794502824324,0.04085603112840467,0.003968253968253968,0.001011536446828991,0.046580406654343806,0.003968253968253968
495,"(219, 220)",0.009707627252358863,0.045714285714285714,0.003968253968253968,0.0009619090435782668,0.04957702144402912,0.003968253968253968
496,"(221, 218)",0.001846066458392502,0.04297041521016284,0.003968253968253968,0.0009619090435782668,0.04957702144402912,0.003968253968253968
497,"(215, 216)",0.009869355296790684,0.04886088221037324,0.003968253968253968,0.0010621443435773665,0.05309734513274336,0.003968253968253968
498,"(217, 214)",0.0017868976616491525,0.045714285714285714,0.003968253968253968,0.0010621443435773665,0.05309734513274336,0.003968253968253968
499,"(211, 212)",0.009928524093534034,0.05252735799895779,0.003968253968253968,0.0012673309596939874,0.05725971370143149,0.003968253968253968
500,"(213, 210)",0.0017277288649058032,0.04886088221037324,0.003968253968253968,0.0012673309596939874,0.05725971370143149,0.003968253968253968
501,"(207, 208)",0.009987692890277382,0.05702647657841141,0.003968253968253968,0.001601331304033188,0.06228373702422145,0.003968253968253968
502,"(209, 206)",0.001538388715327085,0.05252735799895779,0.003968253968253968,0.001601331304033188,0.06228373702422145,0.003968253968253968
503,"(203, 204)",0.010177033039856101,0.06246901338621715,0.003968253968253968,0.0021942927708803557,0.06856210039450415,0.003968253968253968
504,"(205, 202)",0.0014397740540881693,0.05702647657841141,0.003968253968253968,0.0021942927708803557,0.06856210039450415,0.003968253968253968
